,Institution Name,FY 2020,FY 2019,FY 2018,FY 2017,FY 2016,FY 2015,FY 2014,FY 2013,FY 2012,FY 2011,FY 2010,FY 2009,FY 2008,FY 2007,FY 2006,FY 2005,FY 2004,FY 2003,FY 2002
0,Air Force Institute of Technology-Graduate School of Engineering & Management,,,,,,,,,,,,,,,,,,,
1,Arizona State University Campus Immersion,0.1303020303086565,0.12895027370963225,0.13122747684895367,0.13771596997182822,0.15283936560217953,0.1566546256554735,0.15554963973333222,0.15823989748226472,0.16300606538783963,0.17121607418708076,0.17676697257009583,0.2025938784468654,0.2056254579046284,0.22495318247934915,0.20475173397875876,0.18519909842223892,0.16796251858172837,0.1723107539226942,0.17403695213415393
2,Arizona State University Digital Immersion,,,,,,,,,,,,,,,,,,,
3,Arizona State University-Downtown Phoenix,,,,,,,,,,,,,,0.07865635107963982,,,,,
4,Arkansas State University,0.16945477654216332,0.1809579196640794,0.16133573714016738,0.177807592347986,0.17109476792152473,0.17918070348355145,0.180422075573531,0.21210835649762702,0.2082073826077419,0.20594216974487867,0.23492166161059463,0.21081244822190687,0.20207605645797322,0.19430281718350653,0.20400547758426224,0.22665246309598555,0.3216954310126517,0.293095245979055,0.28933538350859833
5,Auburn University,0.23297620596820964,0.23050538364575948,0.2284851204591805,0.2113512848231665,0.23972658503242678,0.20888921492802356,0.188908550093485,0.2003260356988427,0.2063289356530384,0.21664170232389632,0.16683968385068917,0.22290784378191714,0.2327564010383616,0.23180206553843963,0.2061628857667413,0.1835223941245511,0.19192879830712928,0.15747979895275593,0.17622663820938236
6,Ball State University,0.22671974719377286,0.22733504702374743,0.20761977207914262,0.2346576275242911,0.21889356955946565,0.3402271193555992,0.24825640866490334,0.22719067366563703,0.24278860598146668,0.17115587842375238,0.16945099393466723,0.18386701226416455,0.18691509642554993,0.19043238054803335,0.16926900532904784,0.1518093330839567,0.15247040899079006,0.15751330316646006,0.16023015223480383
7,Binghamton University,0.21708021875175748,0.20327736733022894,0.218466003478786,0.19878661902426822,0.20031322078935168,0.2144451907192454,0.19175784349758568,0.19081139737587333,0.19475902116481025,0.18590234240177378,0.19700092570896774,0.21866294895087024,0.26942815920579527,0.22749268507616222,0.2485329954391828,0.2600393157360445,0.23276038786829994,0.19891401234472442,
8,Boise State University,0.1658594137388804,0.19245494647377565,0.18988529703903323,0.19943514294020842,0.1818809617304792,0.18751971144748922,0.18164389978357234,0.162098088222279,0.15035739959476951,0.12889176015805306,0.1424498075532835,0.16951378381779045,0.17851748659243744,0.12709934604213402,0.11707375199555005,0.14924944221507586,0.15386541238612553,0.24404280962081665,0.2603623510380667
9,Bowling Green State University-Main Campus,0.23364648987268338,0.21724882117536468,0.20061778979467984,0.21364868166362305,0.19235059859479253,0.21954359648321417,0.16758927559683087,0.17262924720328376,0.18124659659681228,0.19378208392304894,0.19718455732331058,0.18423391571418835,0.4190400240938572,0.18970379965701864,0.19678264038595902,0.1913881288708802,0.2102021178727319,0.22042727080072022,0.18595065324239685
10,Central Michigan University,0.19105709078979002,0.18471167768533242,0.1785747020143415,0.17938518174468876,0.14821001649398438,0.17418614739121596,0.15835464797354232,0.13760463066641943,0.13918319217005273,0.13478969230882187,0.1567273361697164,0.17483602188108502,0.19066100371815725,0.17108956787038127,0.16584737165773997,0.16559523679878668,0.17953399188407942,0.19870095231534546,0.2062185490935645
11,Clemson University,0.1687157271946241,0.14974616540102664,0.1487820393859528,0.13690566181677488,0.14043802295184377,0.15407340650117307,0.14667294275775727,0.14394084124937495,0.13276713492156084,0.11913305945238424,0.12422470807661344,0.13309226400985047,0.1487406064219363,0.13357719459263073,0.13291006730410304,0.12460039639116952,0.12524503947254528,0.11976221216157062,0.1216047668038457
12,Cleveland State University,0.2503314144350788,0.22544985324703362,0.22648996204220978,0.22853897634647546,0.2550900673879958,0.2271381604494556,0.2490872096769831,0.27027015557484124,0.2353884746152228,0.2614120110090298,0.2461754638409512,0.26029815250392424,0.22541925024663087,0.22027284179409456,0.2238627163852082,0.22969106324914088,0.23322076685823545,0.23758033590999225,0.24938928796606163
13,Colorado School of Mines,0.2627048094681566,0.2352498134399828,0.2532677112020111,0.23547428832640832,0.230225529757209,0.19693095519632664,0.1928649782808384,0.18250342067872993,0.16486105456402642,0.15302803692498856,0.18016129854097965,0.1961164318480314,0.16905978116906423,0.15724169464442878,0.19399609079879254,0.15871519721577726,0.17138157066823342,0.16172187040319352,0.018826086461322018
14,Colorado State University-Fort Collins,0.13891243289763952,0.14106026287363413,0.12795756104519324,0.13659870581504932,0.13949743394233477,0.13857074066090597,0.13355367256317635,0.1380085658892386,0.12841202416209613,0.13066323594266935,0.13896148864996274,0.14103360775546137,0.13303678362751453,0.1082945800189501,0.10884664510478306,0.10331998622104027,0.09449208212669238,0.09409939589069492,0.08648580772317553
15,CUNY City College,0.16694148917249468,0.17408606038965244,0.16342797866436068,0.18714210733301956,0.17291610861646783,0.1541179888891944,0.3859015030711834,0.39003149090595196,0.3560361302482872,0.35868249268106306,0.3309804537797055,0.3888944494704776,0.19492440188771257,0.1718324969282153,0.15167675878410805,0.19196368355637758,0.18085238040481616,0.20006600284631434,0.24362303302045224
16,CUNY Graduate School and University Center,0.23535883268403118,0.2126114325214403,0.22263058091171462,0.1920333934812669,0.17908334788513797,0.18215831155331408,0.23151474742067624,0.26911717401985497,0.23997205007596284,0.2514895240141171,0.2788048651967946,0.3037888179652785,0.26832297273369865,0.23863913646383011,0.24362151203846957,0.22920390463369114,0.21903225644365173,0.20806337104193662,0.2593042908088275
17,Delaware State University,0.4046640775764545,0.3584916630465159,0.34645138563211236,0.3121438883589057,0.3128087469335009,0.3464070654190351,0.31598001814457155,0.4158976300032745,0.4413285504433353,0.3407971037066576,0.32034109870496846,0.28919038283881526,0.2947842494890148,0.3010005734703505,0.3316347611491147,0.2702009517222797,0.22137321771990465,0.29720321581818715,0.23846749037553783
18,East Carolina University,0.18813311419637124,0.21109167076552926,0.1924337212075016,0.19170307638281722,0.1862648886905275,0.18317250303333318,0.1624740046578236,0.16556270697732056,0.15822875518799007,0.1665271822961881,0.1560737032015435,0.15379684659057036,0.16274447415103582,0.18445635872021776,0.15419059248502323,0.16029417802769075,0.12023953585698767,0.1329074457864568,0.1126620301640229
19,East Tennessee State University,0.1307760634819632,0.10934799665149465,0.11074001335116787,0.10991613640744986,0.10721530328920013,0.11745296478676275,0.12364477785971523,0.11846021849215121,0.11819433968863287,0.11443013847176284,0.11678691769684568,0.13409094276734868,0.13046093194176928,0.13172611487165162,0.12819129938119564,0.12752191651029743,0.12195015269239683,0.11571832365415333,0.11153809504953102
20,Eastern Michigan University,0.21894434848131844,0.20198462644334017,0.1949214420336091,0.20449591796448927,0.19327048109036102,0.18803588736567403,0.18939530281687297,0.1908328979648561,0.19168467245475423,0.20858089857237674,0.2700721455322492,0.28627846173463956,0.287093005002812,0.27817577563556717,0.2830261803720983,0.2879173096581088,0.2767338215952681,0.2920224517340602,0.2951101303386701
21,Florida Agricultural and Mechanical University,0.36041068606856963,0.3762066306209614,0.33533854514765915,0.3521126566851177,0.3510798579489456,0.28105035456598315,0.2954591661003868,0.27631789828709397,0.306583246164401,0.2861590277254421,0.27645734091068974,0.29753506010829284,0.2960792709000043,0.41825318714789755,0.4731423593849597,0.37248037615615454,0.20192537596950805,0.17470035697903993,0.16038741664546913
22,Florida Atlantic University,0.30673618321566565,0.3581454829260829,0.33940117890739496,0.2020337907819113,0.2103739976652978,0.22532377495806213,0.24561786187406823,0.26207526668321063,0.252968408499178,0.23928790556756108,0.25694956828560317,0.22625824485078339,0.243850289923365,0.17493215641528062,0.29770509120368716,0.3343376669974748,0.18389689230675668,0.20811795392338106,0.178367134308196
23,Florida International University,0.26402665408059567,0.2539672822603705,0.24157223385357895,0.22492734398883116,0.215782188530864,0.22054800654126913,0.1960005293331978,0.1652528865707776,0.1514862843410685,0.25189789775657045,0.21629483612371853,0.27538269835111967,0.2969416660295594,0.2864564304298859,0.2787369789604482,0.3404955324771755,0.3133329770042234,0.2583333364672355,0.222505230000551
24,Florida State University,0.15024853010901865,0.15085088789718656,0.1331723630066143,0.14693387239976272,0.148356398323243,0.14261335982263482,0.1451350982385265,0.15042433513617096,0.1363875055414094,0.16257401866903437,0.2321252412884515,0.2117058500551432,0.21890309235246383,0.22869902679993842,0.2124381243974117,0.20036155828161195,0.1647837033722538,0.15790222428690823,0.17265138744087227
25,George Mason University,0.13381973528496327,0.13177732214608726,0.13149252046333793,0.13731071413689563,0.13518855638428082,0.1410055420252007,0.13405220302591975,0.13397683420003254,0.13885483855839093,0.13134945079545676,0.17196107442431358,0.1659843456136319,0.16452695989961352,0.1608502201894385,0.1464359550348152,0.15624817462294704,0.1422332139802512,0.1479096645492304,0.1964747368232375
26,Georgia Institute of Technology-Main Campus,0.3530210438741233,0.2391717384929517,0.29646660158080707,0.29650382060219915,0.2458836255701301,0.2542486506714475,0.22384549328170958,0.19916503064643068,0.2423610744742103,0.2481829938488028,0.23777125287505554,0.22648399576010983,0.17069339946464301,0.19237350944996862,0.19226771565640147,0.16989704106310666,0.16047840384155113,0.2069287624949551,0.2203699791649749
27,Georgia Southern University,0.27114123976884486,0.17696131893665856,0.31601260399051584,0.2850175034291349,0.2286811724268201,0.26493020477859086,0.2360642562274673,0.2242291274161248,0.20925692333955484,0.2235122098016693,0.22065195421075567,0.2602078168788552,0.24969509396436876,0.2593941678209987,0.25103498868487445,0.22347812373044887,0.23313581729771846,0.25067550114898696,0.25130385414916173
28,Georgia State University,0.13547508702398958,0.11296526397425422,0.09690888672485021,0.11121535211539611,0.1479883407078791,0.11708707031731048,0.12838951972409798,0.12315044626759739,0.1124951804970568,0.10828189619607154,0.1399226114051579,0.18501440924183735,0.18029237027983014,0.23428760985380456,0.21914674526655575,0.20938382578068768,0.2938942287719832,0.33216875156606546,0.2857056928466489
29,Idaho State University,0.2356348717346943,0.19823173463667249,0.20708985344430286,0.19512738184239856,0.20854453440082327,0.20416039393406077,0.1713612787157816,0.1999541574475576,0.18376156106464356,0.18674159096665882,0.18374431519105003,0.17699085220753535,0.18085792883246962,0.15595548006511242,0.1494269766490723,0.14149649575266351,0.1396116730379771,0.15158299005925327,0.1265070159557279
30,Illinois State University,0.33815671786118,0.3180208570592615,0.22222491189251348,0.15386848011116527,0.3073991330542397,0.3062662507242647,0.3238506273491112,0.3209565320297846,0.3017129738501957,0.27074437630792225,0.2739577586281795,0.294093177193257,0.280639947094582,0.22224884451013588,0.23037706994072485,0.23176758298836517,0.21672275998249038,0.2434309721599599,0.23976200798487998
31,Indiana University-Bloomington,0.19912183930343672,0.1904790821181119,0.09156833572782488,0.1422841900292451,0.14766957816735715,0.15631673814496339,0.15820953105266747,0.14239278950466164,0.17848482104481697,0.18049768300138397,0.16118134961083297,0.20523870852004378,0.32469400709535406,0.33530893414193425,0.24998001715391718,0.25877329620232115,0.26436717467010284,0.22571371551951,0.4114820223992853
32,Indiana University-Purdue University-Indianapolis,0.03247215180059052,0.03353341579133613,0.04019937458574903,0.03092935054588604,0.035586710961251954,0.03235348035131859,0.0293156633131633,0.048763289411482086,0.040765282153883024,0.04586108839925477,0.05440914193865543,0.0571604172556698,0.10465114878544884,0.09438942500107086,0.10504747887505693,0.08733050714112128,0.08193413183514137,0.1565508527975973,0.22457468544400738
33,Iowa State University,0.19300604261313167,0.1411548330097649,0.11148075102153494,0.10646897613919999,0.09852871766419204,0.11683240820693903,0.09740300780266958,0.1261730975766405,0.10724593506888533,0.10971501205206825,0.12675325837848458,0.1283359287582074,0.096210349814764,0.0977039950624794,0.11040787287943121,0.1218699725087825,0.1181918351403768,0.15525222414221224,0.1206314072389977
34,Jackson State University,0.7990021876602156,0.6024333624797678,0.5357579491639936,0.34101388809249333,0.42896032179708216,0.4440492120925452,0.5753674494026416,0.5020675340590176,0.5861253197184069,0.4841500540865725,0.4860758129441163,0.5442130795009436,0.4894249123062263,0.5439192631644292,0.5504062736855705,0.4839880407675886,0.5107243047048138,0.40622828888229706,0.3485432140853116
35,Kansas State University,0.14992053026610092,0.17567334880343863,0.15627072548328355,0.1402481527961143,0.14020532203395633,0.136216128812101,0.13897871595145958,0.15070351699454432,0.14566539558870853,0.13750644735117143,0.11499395742337647,0.11541777894532237,0.1321925812294603,0.13023414544808676,0.1358300796698259,0.12047870421574891,0.12675374570672857,0.11856614675489122,0.11595178925879396
36,Kennesaw State University,0.32436681560036357,0.2335915856133368,0.21635716555913717,0.1951012423763532,0.23456329629761144,0.23770286830194529,,,,,,,,,,,,,
37,Kent State University at Kent,0.24365589215466282,0.23798604150468977,0.23678585031819865,0.2578496467391341,0.24685622406640148,0.23151343002738486,0.2252729107144641,0.23799637229972193,0.21895172899193965,0.2261549123586612,0.20318109820291944,0.22017405315473695,0.24447617793815293,0.21645600112702543,0.18406865828751515,0.16857668413177665,0.1958961575726664,0.16042569146921368,0.16599096249966463
38,Louisiana State University and Agricultural & Mechanical College,0.143967556639544,0.11020869988980099,0.14762826135270682,0.1720457126490267,0.14065444980348235,0.15260850466307657,0.14037894054794667,0.15058804945372894,0.15280658055906798,0.14199372401315516,0.14470165415104783,0.1520278312965058,0.1555277592110585,0.15079271651102125,0.14323944830688243,0.1429867412816102,0.14678725569038137,0.13926188277964052,0.14784269812608034
39,Louisiana Tech University,0.1923876879561774,0.18372874427501576,0.2690335626096251,0.19341657320597805,0.19139564703569914,0.14924286438642645,0.18540801191592432,0.18829309517840037,0.17491251794727783,0.17043519038270033,0.18494356044972682,0.21091162945225897,0.19934879537813965,0.23129825242363228,0.2306771247259885,0.2231775607454904,0.21211657347643256,0.2310392891422952,0.19303941739362213
40,Marshall University,0.20139622188240186,0.19666857312373026,0.1890569215006175,0.20068113278447097,0.17766068220139378,0.19168586624889425,0.20460159034825354,0.2104800266884184,0.19654603380592076,0.20978132438944924,0.2011091651927637,0.211510065640994,0.1846070608791214,0.1885742500983579,0.1732382823711319,0.17264304485066773,0.18003345906987187,0.18356074498230146,0.18900691428408045
41,Miami University-Oxford,0.2244135146643453,0.22917712960336686,0.21665342951319927,0.19137973094594635,0.16881046570568475,0.1584864072806239,0.17532237174645304,0.15890162022413357,0.19615325441010253,0.15910816373039352,0.1529799376353432,0.17764966592562706,0.16746805839581963,0.19098686505597323,0.17706344289431977,0.2029134215861561,0.2075338142449582,0.2008889406140439,0.1906373900396983
42,Michigan State University,0.2226789715677119,0.19887328309854208,0.6783084510602188,0.15970573460518642,0.16766216801384998,0.163841862576924,0.1572883567458867,0.1699248523292527,0.15889919427312438,0.14995835764390608,0.144522015765835,0.1449269668125371,0.12296770446563948,0.12515855770159842,0.12779678091693777,0.12513567418842603,0.11915739003643967,0.12720830116032492,0.12266286029985808
43,Michigan Technological University,0.26071521588960467,0.26681733766641647,0.22080067637160306,0.265963489652073,0.23088162664780232,0.22090005574125562,0.2125261052848894,0.20460492369845446,0.25433040101348553,0.26744171994150845,0.24597222632819157,0.4186394419524229,0.38162743372566277,0.34832924202194276,0.31206398116571743,0.27077265265053224,0.271853607161664,0.24461101467571406,0.2059831333218594
44,Mississippi State University,0.30011023432354,0.31521653004129613,0.3270828058258467,0.28287369016153574,0.3417524799439202,0.30878359705099917,0.2945481193934273,0.2979018555625338,0.3487689269420558,0.2955153044525823,0.2416954601690315,0.23729085279969409,0.3003058486278152,0.46307384012300884,0.5115858195624092,0.4682986051323595,0.39998891138543896,0.4137400240147218,0.28303504440435084
45,Missouri University of Science and Technology,0.17931405282401672,0.14336134066926498,0.16786381805342865,0.16324095339683448,0.15734162443098984,0.14855191615211355,0.12068065156786888,0.11235506692620509,0.11409103899127748,0.12472138660606488,0.1251267314873812,0.12906924639448009,0.13720916373263942,0.15386816180789709,0.14945821540962537,0.15937295791211986,0.15245865984754062,0.12480683051356423,0.1971040285061576
46,Montana State University,0.1708141771351896,0.1701171385330484,0.16776878870889542,0.16337246827525242,0.1573967375210818,0.15586965349984228,0.16249104578975884,0.1554374521812941,0.16543631864213165,0.16451769892454848,0.1697864271904564,0.16965618905835889,0.17516124402802502,0.1766757244009126,0.1611071497661173,0.17511356210846266,0.17802351628470647,0.17144235022350748,0.12247591384961545
47,Montclair State University,0.2855134123349173,0.2918488928682117,0.28498199684279607,0.27809327138186196,0.3028889304834138,0.29617192912442714,0.27916300282403406,0.2707671011669972,0.26325397248744986,0.22310574659283086,0.22518345597238767,0.28588065611366426,0.2866386898474597,0.3124706434945984,0.33253034161561934,0.3134785653544095,0.3038167804340004,0.31447099509499593,0.35005601048654345
48,Morgan State University,0.47215556635320477,0.47366383714223065,0.4650881953699438,0.473812065669533,0.41098026325760606,0.40973866902521605,0.3874115602836748,0.3796162919502931,0.4026428045456709,0.43109961775291544,0.398995117810918,0.39348289473998593,0.3958313979645532,0.39477890499061385,0.378492730159714,0.38038597252714246,0.40959375214644156,0.4615178317509964,0.4550305396016342
49,New Jersey Institute of Technology,0.47295616850432864,0.4665252743569443,0.4561391599490878,0.4566557738987537,0.4409196894623884,0.460876616448295,0.3865951026309999,0.4186991869918699,0.46281041610090223,0.39796918618279453,0.38974650271763345,0.3593242018866919,0.33478856929895784,0.32084445588693616,0.3275824030357852,0.3066099036522518,0.3163656097371889,0.2848237443999057,0.2945210311693076
50,New Mexico State University-Main Campus,0.17419461352673216,0.18021094422988274,0.17231511856787343,0.16551285815652947,0.16720539524778577,0.17693037896651853,0.16881920835560277,0.172189199945017,0.18454941324822194,0.186183062233391,0.17601645988726713,0.1929160711968072,0.19715362671397002,0.20176545833254894,0.18792826362063067,0.18570207553801577,0.16596285791487825,0.16261088786172412,0.1673777389186726
51,North Carolina A & T State University,0.2707729711932757,0.24196596651174967,0.25466621194584815,0.22961590011968624,0.2317860617078386,0.21010299496646,0.23231805951245327,0.23331638994626525,0.20793177050502257,0.21968087650285978,0.2115128050902786,0.19623349755627043,0.2135581041371614,0.21596695690126005,0.2236156743711142,0.22796316010044534,0.22584424317580667,0.23265535222038056,0.20589437319061651
52,North Carolina State University at Raleigh,0.1880924195769754,0.1836011303466781,0.1724206354400855,0.18673953758549636,0.18184386780065026,0.17245948879086342,0.17684047234180444,0.17320257621175159,0.17071760516536402,0.1723577565052817,0.1710053058643868,0.16715017169677615,0.16074166662277975,0.14858260854150132,0.15201535236113203,0.16991569499387263,0.17029984176422672,0.2038929979996342,0.19499100094322455
53,North Dakota State University-Main Campus,0.14348091736191618,0.13584315703340502,0.13589847360763208,0.12480866769907795,0.1321159574599836,0.1205330868568871,0.10743280032455829,0.13330688227739748,0.10140957427116666,0.1882954288172174,0.2251807274993803,0.17920092182963648,0.16610749353947363,0.13072011124887065,0.1366169404032688,0.12639676211757625,0.11253239058574882,0.12199083415274652,0.10555511019436929
54,Northern Arizona University,0.32988059123210994,0.2865210207636273,0.29344465106009104,0.27147995998363406,0.24916749202350014,0.27608869700479105,0.2757943875180815,0.26300972867788974,0.2624954116950508,0.2469081825071967,0.2407423751573614,0.23122321292076947,0.23471295398262845,0.22612594693429527,0.25413544870922006,0.2292099538096276,0.23418708422943715,0.2582758970735115,0.2912210136513642
55,Northern Illinois University,0.24502641426913968,0.2720979197614506,0.23929981292814106,0.2292968980297989,0.18908181240447794,0.1626436772348472,0.2176905120686002,0.23255562130834126,0.20153806402607702,0.22616452579040092,0.20995431015210325,0.19844441771408064,0.2223416005778535,0.20699921727045312,0.21097561783833205,0.5935546995525602,1.1318734625386255,0.4762172274712963,0.489017102478335
56,Oakland University,0.14511663406844574,0.1418546976070444,0.15183438999512272,0.16051201501929904,0.14988675596293072,0.14989121310625736,0.15946191210207022,0.15721747865812025,0.1623419720574436,0.24337723738530626,0.25881605827393905,0.2559573865776235,0.2556097073695245,0.2551699763385802,0.2437620260813244,0.24826410973268473,0.2499042036390442,0.24644312507810967,0.23871724360586696
57,Ohio State University-Main Campus,0.2951032580032286,0.20814175821195152,0.1681118921346359,0.21956053679887264,0.19408122210970424,0.2077228002829023,0.2518374629623613,0.2585526201037081,0.21334132332541914,0.2351259983499289,0.186457275294234,0.17786441429648833,0.17075691697330178,0.15791564593027083,0.1585214387552172,0.12082962369073307,0.15191121872866511,0.15953920755085607,0.1579941928230708
58,Ohio University-Main Campus,0.17364252912110942,0.15875577408911998,0.1670866870632441,0.1815120622084342,0.19691519724463102,0.20958141885284431,0.1802044577735719,0.16557263993928445,0.1350295417087684,0.11085946047140963,0.12257549720808472,0.14106596454321169,0.12565606415952013,0.12541520417021015,0.11106504531538065,0.17415271749241903,0.16796401514125125,0.1142733645892525,0.15393514848610756
59,Oklahoma State University-Main Campus,0.05170648996869794,0.06136004158804681,0.04768909390415287,0.10121248803145796,0.09285482914747717,0.09668403898816379,0.11596480734208402,0.0964951479127483,0.082828081098866,0.0707915761182026,0.07665244422295221,0.09177547092243384,0.11046421006960579,0.0872100105656089,0.09775363966914953,0.10222669303512225,0.17513455012663698,0.11821632661366269,0.07678743147401157
60,Old Dominion University,0.16245187270914607,0.1543679239846277,0.15836601622557278,0.15971879254229499,0.15185557004377284,0.1378270676144188,0.14932049693841748,0.1589936420552694,0.1640605422440133,0.15498753346723815,0.1568779836486291,0.1753673219574058,0.1685012935516047,0.16928644206310875,0.15436092809257024,0.15734919443611947,0.15060526659366172,0.1533873228556028,0.17127121488202976
61,Oregon State University,0.30154122309009096,0.27188769996583284,0.267288204086442,0.22969728057635375,0.21589327756106735,0.21717376884320708,0.2012799499448654,0.2060827670278841,0.21182838122058276,0.2290460480432233,0.2078684303208711,0.20799498561089297,0.200273310851287,0.1961464784916432,0.21101251381757138,0.21193544439254466,0.17551544190936932,0.17415497030044413,0.19552172199321696
62,Pennsylvania State University-Main Campus,,,,,,,,,,,,,,,,,,,
63,Portland State University,0.25179681498338563,0.23957670709749085,0.24180504827834287,0.23319587738097372,0.23961542062948474,0.2262508691835423,0.20375097072232753,0.1742709288436798,0.15028975543172104,0.13405962746217193,0.1318029749754571,0.1485110506090154,0.12870003861877152,0.12532043186612277,0.1267058817007942,0.11794683565694648,0.1387503457152543,0.12565900806700195,0.12642544618192295
64,Purdue University-Main Campus,0.14504484681136,0.15829052344257966,0.14725823093060533,0.13795659873906516,0.16488637125931194,0.16115135886976684,0.17909757111167454,0.17319652137995956,0.1655035504062893,0.23326266709612514,0.21238710999805632,0.2013492165534399,0.19477247886129712,0.20145095116865813,0.18106313550257366,0.19768082602570847,0.22460081510345908,0.21746769299674198,0.14776877632393992
65,Rowan University,0.37631065819282256,0.3989401758983308,0.3790652962525365,0.3343452217208645,0.37568870890896583,0.39483148544687263,0.36144378458702264,0.28065779117744755,0.23968090639059866,0.22898807060870308,0.26969541167294475,0.31962351159429825,0.34905512116261217,0.31250247328127384,0.3229762545384444,0.30867318718597536,0.30340960938281747,0.3208969727192201,0.30822134543145346
66,Rutgers University-Camden,0.19373276899778666,0.1718714316234594,0.17217597189337813,0.18744729263131096,0.17932894423732848,0.19704909254336475,0.18605226279779077,,,,,,,,,,,,
67,Rutgers University-New Brunswick,0.21543573852833486,0.20365248558389784,0.20711954587407777,0.16837519072233728,0.2803866703328104,0.26345513731122655,0.2992078161301203,0.18394582738427795,0.17727304720242806,0.16294169660745667,0.18216453895079893,0.17735193184012704,0.17204861858311413,0.17066107196579844,0.1837132971128462,0.19016457420822835,,,
68,Rutgers University-Newark,0.2116209309267767,0.20802157215480924,0.202885064601858,0.20016574563622816,0.1859656507829601,0.1725756052792588,0.16936194521929904,,,,,,,,,,,,
69,San Diego State University,0.1582445646221553,0.1347017907489011,0.14196797117059154,0.13785641874618668,0.18069289309004335,0.15474300385905324,0.15514975082576266,0.1442735762067644,0.15004186590990842,0.14247022479594526,0.15482151166359584,0.13722442834997128,0.1663143827854512,0.15400265112949213,0.14446349535237304,0.1664076890728831,0.17231893088816447,0.15984665919464697,0.24297608385277145
70,South Dakota State University,0.17806775019968488,0.19485631931030517,0.20473259674187452,0.26177085961745383,0.277786457009155,0.2637320460702234,0.2655446629414637,0.26331444594383185,0.24593148656725428,0.22081374390923694,0.20114348622737874,0.19469057545096227,0.22277398158596923,0.14149474692924804,0.16738214915880573,0.16531672689798863,0.16259906934796428,0.1764981172507859,0.15548489963203482
71,Southern Illinois University-Carbondale,0.08163509030321492,0.08784638522171023,0.1083835854308371,0.1363646562663553,0.1065965041062172,0.12136196224069352,0.1338669692946448,0.11765970647877495,0.12003071655383918,0.12174382780599476,0.11907763490995191,0.14356993009204946,0.1217540863208016,0.11940746311529589,0.1221649859657425,0.14409288526053637,0.16780331796369738,0.15767439031623048,0.15758986718625353
72,Stony Brook University,0.22076405966912332,0.20483751008205084,0.20474952363374363,0.20525167187994994,0.2093091943063868,0.19061376884583975,0.19917945443515142,0.21641798338897192,0.19942081872027065,0.22287753219480513,0.2290146559260633,0.26689039752204224,0.3185342329544475,0.3039162587724809,0.31081116517014273,0.31541721524008615,0.3512665462187293,0.3417569515709332,
73,SUNY at Albany,0.2814056508096723,0.27267955879229394,0.27724687683744215,0.2814104803119086,0.27775608846586375,0.26685632170752355,0.2950286817336305,0.5475263388359566,0.31179214178357445,0.229869886067719,0.22238048418089384,0.2855710674148497,0.30338745102248704,0.3757178986278656,0.3313126941530477,0.28790375525905243,0.25234169451974786,0.2559643658574134,
74,SUNY College of Environmental Science and Forestry,0.33438260532581554,0.2987871388620904,0.2878944633599802,0.28507704695446323,0.26881313488045877,0.24108548123640244,0.2723026992887267,0.24147364994084813,0.23289341516134304,0.21172151785985144,0.24130975411575642,0.27529636221904763,0.25001516664915696,0.24829695122658504,0.24185860946584622,0.22355094378583076,0.19155203829956954,0.2179413324758665,
75,Temple University,,,,,,,,,,,,,,,,,,,
76,Tennessee State University,0.19449144247743622,0.20782204995249187,0.2185522136152536,0.23667835717026675,0.21068333793119084,0.2271878223397616,0.21895671147397966,0.24845481391665777,0.21528567331930562,0.20105640155867818,0.2162005665280512,0.22350202595987276,0.1847053463921861,0.23364700535655478,0.2073679989745053,0.21475174648642736,0.23305253847181254,0.19410599584064248,0.1943003190497447
77,Tennessee Technological University,0.16741477482104344,0.17798306404423964,0.18057905518974535,0.18447004683270296,0.1807669729039953,0.18287164882876783,0.18710449534121246,0.18196141258963455,0.17138093125559634,0.1708932177765187,0.1669972055436878,0.17132073806335266,0.1677203465628964,0.17052932134128201,0.17005569396241837,0.17337238804978813,0.1668455036389832,0.15658719613323976,0.1582735134427982
78,Texas A & M University-College Station,0.09568632822985358,0.10216690314661035,0.11090648225023716,0.12357785349023798,0.09770377984426826,0.09550677322529148,0.10313480044470447,0.10026379464805162,0.09008087038797603,0.1287183762409554,0.10665849018709406,0.11816382691563447,0.11471463907328935,0.11795229100771162,0.11308785390741692,0.1142691716492537,0.12039577491630907,0.14311022458911463,0.1430818949823608
79,Texas A & M University-Corpus Christi,0.1646872523899236,0.15849446120867228,0.17312636241782836,0.17258679908485816,0.1556425346664625,0.16890791149888515,0.17478485817962283,0.18033059197489645,0.16962174128588337,0.15685371651221508,0.15033145979460566,0.18339534363386537,0.1732820531593942,0.18359229907994878,0.16930763735050108,0.2048084023537465,0.22437149791223363,0.26063436425703934,0.2700872173899844
80,Texas A & M University-Kingsville,0.1990507830746576,0.19470294190608192,0.1843894197919222,0.18515921560372436,0.2094781584971866,0.2596521171389679,0.3111407446960429,0.30090312994098545,0.30870594043892063,0.29190317253598735,0.28097274454890203,0.28841445776989855,0.23275147888589495,0.23350684093418295,0.3067813184293882,0.2930582549441277,0.2896645230352913,0.3017304536681725,0.30550171633368417
81,Texas Southern University,0.3449752425647791,0.2796945596064877,0.22792480330439965,0.2709141434070826,0.32544450031167405,0.24892548850488258,0.2595746121828915,0.32065942592615815,0.3022473361103445,0.32707544612332473,0.3110061039440159,0.5884652974760974,0.5747070970594576,0.26345687541788354,0.32673357578874573,0.35500492784673965,0.3823938641987736,0.6241080007751343,0.3538236455091954
82,Texas State University,0.1385853695910199,0.13488480832101965,0.13155509262563628,0.14022873357392646,0.1531573542401364,0.1426721330719206,0.13497291543367568,0.13856323122801456,0.13865033513883138,0.15834224285165002,0.17321484614970087,0.20306659683570932,0.19935787321677473,0.19229305626346888,0.21020516635915953,0.2188570407993495,0.27556755772853675,0.2602515957655195,0.2587182361994389
83,Texas Tech University,0.16746929338084235,0.1631542789341053,0.16600572497690655,0.15762501856156425,0.1527479157146518,0.16096745799289794,0.15029121485100372,0.1736655000942651,0.16621114034574658,0.15001182193625073,0.22140247422396625,0.17809161141207658,0.1945327791277642,0.16770723750219055,0.16997413080754564,0.12005596213380021,0.13440290915129358,0.11790739695277827,0.14296902263134031
84,The Pennsylvania State University,,,,,,,,,,,,,,,,,,,
85,The University of Alabama,0.26146567349736727,0.25284593605794164,0.2675879687379586,0.2559544004753959,0.25191076999246387,0.23347580107233779,0.2300057738801285,0.20618113186757256,0.1951367910914896,0.2019049590410986,0.2333640024335313,0.22097527367610248,0.23643628116921614,0.2448946722642638,0.22426124567778938,0.22008242542244477,0.18936697247639075,0.149908307802431,0.15553729258156396
86,The University of Montana,0.21432632830268816,0.19308402010880293,0.19626857030023237,0.21108920918498694,0.19180986051806836,0.20564440469703393,0.19900956460098632,0.206303779821968,0.21207304165102853,0.20566802755532218,0.21556396555475635,0.21107642133011956,0.2145435150353848,0.2162504534681923,0.21922297469837668,0.21236701120041873,0.14245349621307346,0.16300332611918517,
87,The University of Tennessee-Knoxville,0.17118895870823206,0.158148455425411,0.16284756666474476,0.25551167563431554,0.237185080314575,0.24300146516727042,0.1659707015733,0.16315521079996656,0.18964987194032262,0.16181533789868405,0.16226040581945833,0.1640077284439641,0.16758495092823952,0.15318622576067645,0.15190679928834108,0.14895244234324942,0.14969099692380458,,
88,The University of Texas at Arlington,0.2197778155051762,0.20286892605389756,0.19019285600957875,0.1948796677373796,0.18024947081688802,0.1666814202016533,0.1839476450574368,0.19136113991356288,0.1779931590742122,0.25909186171911025,0.19771443270839875,0.18923440486920715,0.19081954959044464,0.19013742978389936,0.184530405331871,0.21937738881910832,0.18236518242718278,0.2035617681872703,0.22224178331596658
89,The University of Texas at Austin,0.1568301910437981,0.16802904009989364,0.16096761598845766,0.1435608697758324,0.14773909830165896,0.16115705563054022,0.17568309824156494,0.18038974596157584,0.13599349468925973,0.27730094115077564,0.16504241453489354,0.13553561123213195,0.13486430019608261,0.14319438435692283,0.1506861495586567,0.1448747306188863,0.14087360666629575,0.15006919035257787,0.14443679138083548
90,The University of Texas at Dallas,0.16189286051981028,0.17795726727811192,0.1650438704071061,0.1518948749805374,0.16242829439726916,0.21069858916036696,0.22082299372209063,0.22529928222692905,0.21397891386613155,0.24209836127637707,0.1898998207617274,0.20408571888302815,0.21392971144415165,0.18292892597857657,0.20427797972047804,0.17291679858282302,0.15535489548735276,0.17876163866108524,0.18487611977004073
91,The University of Texas at El Paso,0.2280917611793098,0.22611946005677558,0.21075884046945687,0.1893635495320526,0.23240412736495347,0.20836142494663945,0.21261434432457582,0.20271171803814403,0.2030904496165718,0.21010388007683053,0.21036498001056378,0.20200038814303262,0.18750889103674623,0.18538776314983274,0.22291157402734416,0.24298472940811586,0.24068608114503615,0.2792127662674023,0.275451536601934
92,The University of Texas at San Antonio,0.23123219433281128,0.2145948673329313,0.20888791597863712,0.19985699693456282,0.2067542776814378,0.19482563620917115,0.20683102799898304,0.2034200649609799,0.21845826842225252,0.2756978188516964,0.2696882141692928,0.28253601159454117,0.23255179293845218,0.24257449331834638,0.293534873724095,0.2740531663112488,0.2880415529148091,0.2713243490359224,0.2746863958639485
93,The University of Texas Rio Grande Valley,0.17681874440880616,0.1803209182715346,0.17331642967254718,0.2465846451053,0.26066249236975036,0.25684826010619133,0.2166018970901334,0.20538959000506404,0.19485802596610458,0.2144611639110413,0.21936447225185574,0.25508018992400483,0.22185717261477814,0.2320749111955901,0.21220501143003773,0.20648481391800755,0.19794052719477756,0.2323538061728322,0.2185563595433017
94,University at Buffalo,0.2034107424067297,0.21056594836424022,0.2400821113825427,0.2259641989845988,0.21605549282006276,0.19629406544866332,0.22021807994987327,0.2259672011225488,0.2506831294116989,0.21871237236051566,0.2379190285498951,0.25810823599824595,0.264292985039951,0.25158033385676026,0.25275643782863455,0.2526280459761054,0.2686708227375344,0.2432557973310652,
95,University of Akron Main Campus,0.25432669271138303,0.21099843187114842,0.19544458481263738,0.17709599185891656,0.2635204477337198,0.26106627457259646,0.27076846453161196,0.2569713758675383,0.266371602806082,0.26959588533712486,0.29215337008188974,0.3358515879402365,0.32867944692151585,0.31766698741689214,0.33503616505269757,0.31427090775962563,0.31553944721299876,0.2967141168008302,0.2606259166633441
96,University of Alabama at Birmingham,0.4645840276974987,0.321929212962374,0.29913398459828344,0.2855133114173649,0.3001950574420262,0.29091037510356627,0.2973047786637078,0.24838640885521118,0.23599899178374403,0.23879942001963186,0.1595383896374523,0.13695552522139445,0.14557762569904323,0.27330089910726113,0.24442791704478153,0.257731233489766,0.20997379074011097,0.21549209985953013,0.1978255928697064
97,University of Alabama in Huntsville,0.24836824046487035,0.2593256280006558,0.28580574559199373,0.29887806161771047,0.2931062559887524,0.3089809373578882,0.2960889965837283,0.2970696179483155,0.2552835130186299,0.2557825239639471,0.27193946851039064,0.29205825582140915,0.29750145661101646,0.2938916578529654,0.2612935545853692,0.2352332924546631,0.25169196876446304,0.2534787289579395,0.25037039537777434
98,University of Alaska Fairbanks,0.2598422336225051,0.2582757024904572,0.22925158588119332,0.22419553083087385,0.23889756489360994,0.23105471103816366,0.20961594936694747,0.21402108180533844,0.209578353774837,0.20415130734432538,0.1940574323443259,0.20062291076329003,0.19052219038409696,0.17736242948149067,0.17660108062063712,0.17128948738042965,0.1672428443848167,0.16515298264964537,
99,University of Arizona,0.23600162357251775,0.20833535679250964,0.18545064849417453,0.1951235612808314,0.16909875666888008,0.2055510325708113,0.18938540296287823,0.18059373108735122,0.18456004652610006,0.1878221146337654,0.1856115462012748,0.18417897745069026,0.19091229227587192,0.18625137381590154,0.19635799727489667,0.19372198317024122,0.17991669561079401,0.17844387608152168,0.1786765166217993
100,University of Arkansas,0.15618424202725673,0.15019554169758972,0.15377224905868814,0.2336381876007519,0.22832231818627305,0.2328943043217214,0.23681883437847645,0.2502039141388773,0.26275983910979445,0.25006835585700893,0.22358510245239158,0.2496286482361289,0.27478884812090115,0.2691498617368149,0.24180476647488472,0.24202456489390117,0.19870489356718896,0.21942530885150224,0.22776058278913616
101,University of Arkansas at Little Rock,0.23705406540172008,0.24086246910375797,0.23459067510047685,0.2343055263758371,0.18983567998630194,0.18746897628282827,0.2090304542274089,0.16587182005867093,0.16509523367905657,0.16735591230211244,0.17075655951000956,0.14787916204771648,0.14936273062984987,0.15485905198339892,0.12427302281327732,0.12326256572819431,0.13705948911661234,0.1574690311536396,0.15206363081752414
102,University of California-Berkeley,0.2714254802525091,0.2827778534811612,0.27615619912345274,0.2794568415348355,0.3002919588781411,0.19116868012934837,0.28528875880125554,0.24110282185358817,0.2126272421727241,0.19540365944264648,0.18583485938287403,0.1999226886170358,0.19204383578163509,0.2151904201803526,0.18964759675728096,0.19020218289992163,0.19240352899097882,0.20038037608792325,0.20990364170625195
103,University of California-Davis,0.1697965994025604,0.1581022082546073,0.14898977437637462,0.14575311945619024,0.12311901096344562,0.11920003433625419,0.14432159885552515,0.13353153785825572,0.19041175043047162,0.13036500417943717,0.1305522329011735,0.1285852377962755,0.12576220958665138,0.11910408066725528,0.12859154482571997,0.12069483011170122,0.11955043536902975,0.14622177394454622,0.15313687291191017
104,University of California-Irvine,0.1193820032136288,0.09723186128567568,0.09391678375848622,0.0974394181602439,0.12421611854417049,0.11589026028377765,0.1024383004701529,0.10936042220767828,0.10284477729465961,0.0783209320706034,0.07075420113968844,0.07829633603553698,0.0882086501813629,0.09073991013746921,0.08491368907744484,0.08042062660024714,0.07784426905406998,0.09419316353282638,0.09572782888647213
105,University of California-Los Angeles,0.07290665225978508,0.0728255440828133,0.07036661213596544,0.09600021550364035,0.10283918372685547,0.10536655820585876,0.09553942687763689,0.0928917068063964,0.0912444928820404,0.09391155616152198,0.10141570311847022,0.10036130430855388,0.09668844929837073,0.10086393824699902,0.10157281360455378,0.09495659067810493,0.09542383459703002,0.10287863257307074,0.09421441465670753
106,University of California-Merced,0.5836799864848243,0.5792406538289817,0.6229678908564608,0.6439601287576476,0.7945449918605905,0.7427031782472963,0.6705651508953188,0.6228083507191511,0.6419895801992114,0.6232571109871723,0.6515996366615212,0.7950170584368838,0.8619180416763499,1.0157610949813356,1.1398867044318561,,,,
107,University of California-Riverside,0.22017606612313947,0.18095121397350422,0.18171438937101708,0.1997944159212747,0.1974875231534399,0.18576944802689477,0.20642317717665268,0.21265343730011269,0.19407923004210706,0.20291833991323854,0.2033504120624603,0.22773481792212721,0.23997567711368414,0.2527591958665822,0.2419295087187953,0.22926458050014445,0.21343347576030872,0.23251096282173497,0.2248523049911818
108,University of California-San Diego,0.15258790113222753,0.14280055471064665,0.1230217989744146,0.14941715748242626,0.1438862200764867,0.15785614524008024,0.13999738575659826,0.13570381528231779,0.13848757498752384,0.12962738564071494,0.16828177657122884,0.18296689411170078,0.16657678397229722,0.1725742709185064,0.15542009728145476,0.1577869824356157,0.1550516243335362,0.1562176036303494,0.15447270546747285
109,University of California-Santa Barbara,0.19309778541958184,0.18735600706275082,0.1808797729328522,0.21590652103988886,0.21342881414603196,0.17810837546575636,0.16071698648564733,0.17724762695347746,0.1304717074294743,0.14584325514942256,0.14816057519379222,0.16217068615243463,0.1605314791805247,0.15569464321298526,0.15714117007959563,0.15882055667858808,0.17236601834550705,0.16750210109256813,0.17214575154123898
110,University of California-Santa Cruz,0.25872885640194954,0.23631327294024157,0.20532108677662056,0.24536971677828057,0.2649195778813832,0.27087860375740297,0.25183338711458325,0.25883310948719845,0.24781344253980586,0.24754660734908435,0.21384839518688964,0.22909369111900757,0.23043461572907203,0.20768649142047507,0.22120781818046645,0.1999379724752859,0.21041448567329687,0.20426176750870945,0.20293961118241868
111,University of Central Florida,0.19172257794749104,0.2077449320233175,0.21560844496528178,0.28062423510619383,0.2967916747174707,0.2799103628299306,0.3021070656316926,0.2777340679167435,0.27519584493880994,0.25600041393030476,0.23980668878728031,0.2471501201137642,0.23104046107418502,0.24290718372392908,0.200834174133847,0.12562775475340243,0.23253348021043696,0.19921033072141975,0.15422165371310176
112,University of Cincinnati-Main Campus,0.2658730769898085,0.22695584334625646,0.2579237521071953,0.28705379612425674,0.2263022498512252,0.23456062148649057,0.2458191883060129,0.24800138801551228,0.24675731486853092,0.23763773753442838,0.21104579861194828,0.20951035288341974,0.2325182618177572,0.2215270056045394,0.2203208492319539,0.18221420812505773,0.22610074622493262,0.20184821682319548,
113,University of Colorado Boulder,0.16604983887623392,0.18056527028749636,0.17556014920691884,0.15293321061433157,0.1561754132308069,0.1326685409121908,0.1126662430690312,0.09611028218669801,0.10111151599215189,0.08929037919363068,0.09341798321853892,0.09717360381314104,0.09947208836980694,0.10536849913689898,0.11114338917453512,0.1063825582150514,0.07710749491477588,0.08321044836181474,0.11926043026984046
114,University of Colorado Colorado Springs,0.307013808727009,0.3063013969911341,0.296414585628577,0.28203972058925564,0.2720945420507944,0.25415568940875605,0.2611656791946241,0.2626789212222865,0.2536109380370822,0.2035480613439885,0.20360832533316697,0.2222588956256858,0.22488503150251019,0.21309049234949906,0.17740182776252528,0.1505229867280517,0.1570123248803459,0.17185216309727572,0.2471159109413775
115,University of Colorado Denver/Anschutz Medical Campus,0.1479617548418717,0.12230419132763962,0.11981666815204188,0.11914134617154618,0.11329826300272584,0.10470477502918107,0.10642436962299606,0.08577680636271025,0.08729667834166305,0.09178495719069056,0.10011746627696219,0.12141532712836041,0.12536840928055323,0.12171155319523515,0.12179740968020282,0.11401091803368366,0.11481182204565778,0.13752648651396387,0.1301778992310123
116,University of Connecticut,0.18808640862822293,0.216558795225595,0.19834004239701408,0.16878044356083707,0.23565486852128484,0.2444826116169663,0.21672060480030078,0.2405228756305052,0.293569576747353,0.32101517086904463,0.3227898057387133,0.3154727941102987,0.19615508613399288,0.19903639417839636,0.1897608049567448,0.18017963780015836,0.18670221985327864,0.1861806316172107,0.18812578142086933
117,University of Delaware,,,,,,,,,,,,,,,,,,,
118,University of Florida,0.1633536254595865,0.18354748278753152,0.18833237151579046,0.1657319935134015,0.18777671672888271,0.17184382577734122,0.18999020707318806,0.16217055271380731,0.13644192084914544,0.15113633610617402,0.12520480627430725,0.15513426881636136,0.16686243561931985,0.16025529227808516,0.14832695421301093,0.20469426219246034,0.14636903130262047,0.18269589569819114,0.14593037435678044
119,University of Georgia,0.256653275255644,0.2411108855669669,0.20268239250584438,0.2151777280747095,0.20280141198980003,0.1958745138284067,0.19914604180905887,0.2119482638402735,0.199854608435502,0.20699442126948037,0.22071332086577392,0.1968288974377448,0.2045666291607009,0.18368076888958418,0.23629123568657548,0.18320716153843458,0.25189685241911935,0.26629014716003263,0.2767756303805533
120,University of Hawaii at Manoa,0.06264796831410042,0.061097446752870786,0.05601646245941897,0.06680998227262462,0.07890581049632726,0.08638197853940185,0.0820488985073609,0.0914553651915426,0.026416003361463325,0.03725876044455479,0.024156779751062663,0.04207546975092705,0.03775046280690918,0.03751450942492641,0.03283501075646222,0.034075962093828564,0.03600911177735617,0.02647480878991216,0.042668980099723204
121,University of Houston,0.15136259755827494,0.12949589415223595,0.15918017873425597,0.15312346341587427,0.1786422658970432,0.18177194336463504,0.1814686241367579,0.15719507373589464,0.14855823614279326,0.1699749559406477,0.16131251330324706,0.18739872982666508,0.17157714988594383,0.17486894443777082,0.17161575697636458,0.18986338833454378,0.21853127846800532,0.2623234301918345,0.22557110129074043
122,University of Idaho,0.302859010272858,0.3168274287287722,0.28310522172444047,0.32059390385640324,0.302390159880739,0.27328042414907994,0.26619808174615556,0.2051759761340523,0.24069508794445282,0.276457565139533,0.2857538276266848,0.2949130856715871,0.26299694801855733,0.2267306975505406,0.22615366985948537,0.2962524800533343,0.25245127268082324,0.32864962712347917,0.2491845381840031
123,University of Illinois Chicago,0.08655798651509795,0.07262640208881421,0.06729943714326717,0.06038502290462678,0.07704601466397697,0.06279907805189486,0.06155938297962944,0.053883568051652085,0.045002312362234495,0.056819719993613835,0.06252767728220143,0.08059373164721036,0.06138169182900095,0.05574343895553636,0.05743566281743821,0.07551779021752004,0.03758986752866659,0.0763688140521891,0.06301156070195027
124,University of Illinois Urbana-Champaign,0.07770743063836871,0.07577192212582752,0.07250538058932549,0.07119030136751432,0.07844077422460528,0.0717243471306529,0.0799092896262954,0.06794573927377451,0.06291963508043337,0.05717861404787626,0.0757354496267547,0.08489915138572292,0.08074830472676951,0.07369509753999462,0.04423256135109684,0.08763306592174044,0.06705329386985437,0.06474605651199572,0.07316416129140203
125,University of Iowa,0.11470252315266016,0.11614071007848548,0.11208258629349602,0.12858893010130368,0.14032184276765094,0.13613204815289787,0.13312051766691138,0.13557810330689574,0.139918059575636,0.14178079010319494,0.169930391165346,0.16461311504827325,0.16693547120800536,0.1586521889003792,0.13736857249326648,0.17310958867433968,0.17400572971800052,0.21425256004917828,0.15991559462695845
126,University of Kansas,0.14794559590750556,0.12216824481224015,0.14230752098062782,0.14183737666725768,0.13273739981483004,0.13608261717276895,0.14464982754020167,0.14915338138957285,0.1557466876716454,0.16139522301032638,0.1510289013632431,0.1467054220688305,0.14298325135813303,0.13695852684915827,0.10721199313107499,0.10912145580027686,0.11381075186717722,0.11626515313060698,0.11236456807266207
127,University of Kentucky,0.14971088826492443,0.19627284095938569,0.16944636821923845,0.17164531653944362,0.1716540634589118,0.1741667678537347,0.16742894252377694,0.18840094892131024,0.2304355920357609,0.17455710056808993,0.26697390775890023,0.24472208395612194,0.2110330683527163,0.17210841826122156,0.15858956257290807,0.18631469890958383,0.17031093015956833,0.15827167809838796,0.16174693401384682
128,University of Louisiana at Lafayette,0.29242424656632066,0.3035134418311137,0.29664822717377703,0.3232007257176045,0.27275395201068964,0.3299431630940167,0.3400885631923759,0.30904660002943374,0.292260533319466,0.32004940017455324,0.32463158339530346,0.33933995449319754,0.3172433369722083,0.2648151194879585,0.24861128312098144,0.23874544544252116,0.22944550836527236,0.1950589750696673,0.2264297417511007
129,University of Louisville,0.23034335432475134,0.19245957970587105,0.1915617511355914,0.2361631004404826,0.19009642751326553,0.16307458968068314,0.16970853969372318,0.16139195224905714,0.16586499919833253,0.16457083640566772,0.17117963390671861,0.14897362973281483,0.14194789616970807,0.14186156955575763,0.14588624275240789,0.1550439937491507,0.17134485841499145,0.19353814749158815,0.18451464708321222
130,University of Maine,0.2568911110790911,0.24922190368214675,0.2516464136088642,0.2580702063856059,0.22621815174824084,0.22263580776404115,0.22672783897663823,0.22485680801544988,0.21138716180010378,0.22129950877675106,0.20541421549901953,0.21434476439008357,0.2196960272041138,0.1823927133351995,0.18303923557118068,0.17290636100154722,0.17476034735536258,0.16188824851030575,0.16666881484823098
131,University of Maryland Eastern Shore,0.22808081881092707,0.2598491678755068,0.2729005637957358,0.2830618254953709,0.26365147604669065,0.2580907762080898,0.2566857309481389,0.21733262915767101,0.23522396799653084,0.24879212335156448,0.2544150811985305,0.21417809293266396,0.22379274472568358,0.27479789863878706,0.2433894164585634,0.23465766467331703,0.2680482454703856,0.45420674456087684,0.2950241613235704
132,University of Maryland-Baltimore County,0.266148631132989,0.28702911430198225,0.2587681924087628,0.29571926066640697,0.2785159339808462,0.25599582108389785,0.2620025450086769,0.25143538073792365,0.21201241325014572,0.2083032530946574,0.25037909320279633,0.26766504264547253,0.26675907507634056,0.2962989017745963,0.2573688144297962,0.2688459752613222,0.27672062891140403,0.23197724287269775,0.23067556526564573
133,University of Maryland-College Park,0.18102511225365306,0.1981731365520763,0.19257845698081327,0.1780687452410044,0.19674550525781126,0.17990015846313548,0.18407406019331948,0.1793596453490448,0.1699916945271289,0.1665487937709061,0.15828072822941913,0.13998736510958612,0.16173423649945354,0.1497251702789706,0.1527576224650842,0.161365487881649,0.16697796299445578,0.14260300985916177,0.178304401395768
134,University of Massachusetts-Amherst,0.17570171419582278,0.1655773215877652,0.1682553631078613,0.16114418898577887,0.17614494591291494,0.17868615176385608,0.17335126937440834,0.1681794361561974,0.16251998359380979,0.1563554642111847,0.14893151811099234,0.1451729676761078,0.1650023070886562,0.16729463919444856,0.162599139233947,0.18093904975203967,0.1845034114073216,0.1868221667989268,0.1646689822507295
135,University of Massachusetts-Boston,0.2663472547462989,0.244579305666594,0.2803633787763928,0.28584568087894363,0.29045885423821954,0.30974045596481214,0.2722386688444263,0.19915205802583313,0.20244349218049498,0.2164296719711137,0.24320054764224217,0.23573298639554122,0.254297649223383,0.2609522993185617,0.2568409151006191,0.2060400628135892,0.132298174566027,0.18314973297879472,0.14713723776223775
136,University of Massachusetts-Dartmouth,0.27357341553266673,0.27112229102167185,0.31966613915153075,0.25646565943128585,0.18979613916322777,0.19510419891074282,0.1859380041198223,0.14986457761930883,0.18769034328654374,0.19537735096873643,0.24277239840889125,0.21728268057902858,0.2210813412481951,0.2320038601704062,0.22073900042716788,0.2935196148077986,0.31532032358241,0.26907550350456927,0.2647339979320705
137,University of Massachusetts-Lowell,0.2419547622100261,0.2567459943651358,0.26602345699625896,0.26546875,0.25758507336957837,0.30210920474122704,0.3147653875928686,0.3076263167854665,0.31522207566635757,0.2898821341323906,0.2814193379904681,0.30800352343493936,0.2839186110456438,0.28112669770461207,0.275413525374142,0.3029731233519607,0.24468204998168652,0.25422907422271357,0.24070002508521596
138,University of Memphis,0.17328441471038553,0.1635800959466569,0.15878719257380258,0.1553854497831434,0.14785138544018805,0.16304017622790878,0.17683036571259958,0.20011015845136457,0.20142570520725717,0.17551005198566944,0.20927186727627062,0.18745393423886308,0.1772547190897852,0.1672541586343556,0.16422979413616062,0.1645383957732584,0.17187259039210329,0.1923716824907896,0.15599544230363308
139,University of Michigan-Ann Arbor,0.15661391486301687,0.14760070775685039,0.1406853490749353,0.14313870023725098,0.14458978317268698,0.14346823699341685,0.13897943325023981,0.14013655226325814,0.1349306968749661,0.13916840876631612,0.13428699820251647,0.14102961822665247,0.1410316009960138,0.1375611930301508,0.13907096147951364,0.1333774125083475,0.12521342966702934,0.13243421526726867,0.13586946732265193
140,University of Minnesota-Twin Cities,0.2322441716861049,0.23307006945160252,0.26105332973394507,0.23473388768526698,0.24390878130717292,0.2346774382422887,0.23182837051832203,0.18808872295193402,0.1924289262340473,0.1981270625445605,0.23611224036555528,0.23165290025789934,0.20270813896633164,0.15231934981025555,0.1389269932657574,0.12714637335168255,0.14355260092906796,0.13978949651731098,0.13383246787581052
141,University of Mississippi,0.39332967028642285,0.39964525759743125,0.40227770692235715,0.3975604719859385,0.4422346294739214,0.4119727256092686,0.39156223015694674,0.1443214807571613,0.14238676520631544,0.1398603455672223,0.14602345050248272,0.15135228973533232,0.16581949773677743,0.17573239841501878,0.177491461883893,0.16608602038660367,0.16392096299514855,0.16310023347681482,0.17293304137835985
142,University of Missouri-Columbia,0.19055035430699058,0.11961578244145714,0.12048599590010935,0.13485278399952913,0.14807059834677916,0.1305781539689082,0.09553328621725811,0.10542196660118579,0.15646535911884046,0.1538855349183437,0.03913234441342625,0.05384178466247785,0.06676031257707145,0.08058340093482334,0.08634119602370396,0.177143220553326,0.18261815169240328,0.16247213073346814,0.14283886363221168
143,University of Missouri-Kansas City,0.27048969069218765,0.2241781654621515,0.19514539330470193,0.19261955087349092,0.21771559140456592,0.19510826631760206,0.16191949255675783,0.16211229268683508,0.16645390586263922,0.17005927954083438,0.16854679935908004,0.17347967237856457,0.17838710547334763,0.17448749237068523,0.21180277826419888,0.1912159414551298,0.15587166183210313,0.11165580746371435,0.13165782085094946
144,University of Missouri-St Louis,0.2047922196663576,0.17528973694130498,0.178912517885441,0.16435945285856657,0.1636344579772754,0.16930019734757804,0.16815303306230528,0.1661771297443661,0.16038619081706385,0.15154316281304112,0.14953611543076067,0.13722183346297365,0.15074843444659258,0.1453016893040705,0.13538569997809338,0.1439585411009434,0.1437056811871107,0.11914606079026936,0.08766188284911022
145,University of Nebraska at Omaha,0.13839575887943548,0.14137854491691637,0.15568156122174662,0.17266213194959193,0.17399512892021224,0.16553871353278116,0.16620844947077468,0.17393487204604935,0.15685754632794618,0.1483065614834541,0.12924040135674647,0.1450249244424376,0.14446636050115857,0.1411859827580399,0.15208811976568481,0.15582285353009837,0.1656502287783863,0.1625008416704008,0.1628961353760992
146,University of Nebraska-Lincoln,0.15069828400603508,0.14797509966255795,0.13736412830310268,0.1436399468264702,0.17294471768223724,0.15138607091226422,0.16178046046409159,0.16581711342745917,0.17459909389346595,0.151912604140844,0.15780357643432807,0.16243583794098698,0.15972949320093557,0.15675312030374516,0.1621587871690364,0.16228362642471494,0.17102962584684173,0.16416666526839302,0.1360446050844424
147,University of Nevada-Las Vegas,0.1266023182607522,0.12187030652648825,0.11056983852402698,0.14214024103751421,0.12465912457749587,0.11040805125848777,0.1157023085348967,0.11900284574353988,0.11365325483452587,0.11288460327345756,0.12261465145544942,0.11083023055532942,0.10759344341059333,0.12196231319038336,0.14126921642564125,0.14910905862689192,0.14872357592383412,0.17488307512423268,0.19418466941642504
148,University of Nevada-Reno,0.2362052330257351,0.257755289876077,0.19873079621358444,0.15562206593282785,0.16408935555940782,0.17877105985890562,0.12928296182495463,0.1512060820777831,0.15465386393115055,0.14703870349497272,0.15227871956653305,0.16054241268445435,0.16970001882271604,0.16598233336236978,0.17926739350561685,0.17521006824409988,0.18415424977192418,0.14677577893915972,0.1555006389733176
149,University of New Hampshire-Main Campus,0.1741925137134066,0.17798350134798807,0.18340092807560748,0.17047302168079395,0.15517823624350252,0.1463868843851972,0.16865059243111108,0.1830532691726959,0.15043804132162852,0.13771033400146293,0.17548734056272142,0.16007652148121265,0.1602875382994108,0.11998009292867601,0.12321012636654091,0.11498462620063209,0.12082015943729836,0.11928099035152127,0.15155288260907615
150,University of New Mexico-Main Campus,0.20558346578566486,0.19073671891665248,0.1874486300127055,0.19346935371523727,0.19987682311090169,0.1957011944948337,0.1867371193647376,0.1793855613177476,0.1797763621644167,0.1765601797718867,0.17373561986885686,0.2142753815911051,0.2179039293283286,0.2087785733185104,0.20751044112876746,0.20247623477962884,0.14306081849539334,0.14702656550914678,0.14319399134974364
151,University of New Orleans,0.3567798907451599,0.34533265087444964,0.3377478750323125,0.2967940769176816,0.28787822156664616,0.24845922088290048,0.3286442589578461,0.2991510912147071,0.28812267698272354,0.2302222888580218,0.1659148454003259,0.22143257900570262,0.22429924606095336,0.23878997465959453,0.22428193292291349,0.20916234544808865,0.21356062511870158,,
152,University of North Carolina at Chapel Hill,0.22335735637237453,0.22729106312307187,0.23444752232219856,0.22398714589972468,0.17605770597627426,0.17945349626068205,0.14714085296709783,0.1390239499035473,0.1324762462885839,0.1196113173095375,0.10545799757760431,0.11498406689762679,0.11257046925425807,0.10553805830996112,0.10506846552499761,0.10351953583918425,0.10635756047219365,0.1054141104293969,0.1035749363605067
153,University of North Carolina at Charlotte,0.1761511520527798,0.16653824858199762,0.15557123069183526,0.14659953030985248,0.1380325157820637,0.1481282931431252,0.1461732388848772,0.1522424232840619,0.14870663551757599,0.15402222187207792,0.16364006806093453,0.1481983090824992,0.1434425240236276,0.13229303547161975,0.14253876297794343,0.1312336611148868,0.12962948485208495,0.14635047440222385,0.15327011552299005
154,University of North Carolina at Greensboro,0.20397611202000487,0.19007430045096477,0.10971056213526344,0.17181428449936575,0.15714280394300323,0.14863517077156596,0.17802823080925284,0.2004830098425336,0.20568499145283875,0.2008426962732643,0.21358231899732671,0.21791513302175036,0.20978236082581592,0.2135655932808418,0.19244912594771807,0.19200973538919575,0.1843843855423402,0.1661832058573113,0.18748957730351457
155,University of North Carolina Wilmington,0.2106784002706501,0.2254944194465117,0.1817332502626863,0.2132019043225869,0.19913481703209063,0.19616410050722663,0.20275020070953553,0.217737950745284,0.2293761427193139,0.23714582508085755,0.23761197411750906,0.23126055025877554,0.24450218391697026,0.2325450891247891,0.23069963154380105,0.2147183236162974,0.2306022096485721,0.22437404713343273,0.19502790542587883
156,University of North Dakota,0.15635309929268779,0.1408895838877507,0.12736694664294262,0.10630680537824333,0.1051329930364546,0.11890259711696947,0.13309070932923683,0.1269554003406748,0.13523527153925208,0.19535398044889365,0.1962312934463266,0.17903042463872354,0.19271064211998057,0.19857259519183826,0.18154655336957434,0.2072505350094067,0.1803101408725768,0.17929773575107247,0.15935477219779662
157,University of North Texas,0.1706990638376546,0.16418461834236986,0.1287270886894027,0.1408762807779822,0.14735884119273088,0.12605945508760108,0.09349231590283336,0.1368023029390794,0.08218781960058141,0.12468459313833676,0.1711080038562831,0.1539496821480712,0.1606564800175292,0.13843574918868995,0.1613354136126433,0.14801692881642836,0.15723846077923914,0.16418564941814628,0.16383222063532263
158,University of Oklahoma-Norman Campus,0.12874027588152478,0.11317620460347197,0.2089278858459176,0.1857526965690079,0.173566997121842,0.15811164436533917,0.11843923297922095,0.12126943577902778,0.11769221272095808,0.14727118473121215,0.23839256764782363,0.26104775213366993,0.2096629952962583,0.11629871264635638,0.11553050428515327,0.1179993238783625,0.11464429484794154,0.13600404071252797,0.17572809630935732
159,University of Oregon,0.21570901789083946,0.20745171834906442,0.20577549119406713,0.20820462348512164,0.20089589679037267,0.18491450290900704,0.17356247271346978,0.17639041252744206,0.22866478205474544,0.2407756234172458,0.2447590306128172,0.234858318323258,0.21760774226146978,0.19937989108330567,0.18423308717424017,0.1982715156557189,0.2063268433000785,0.17900179589935275,0.18920276989472337
160,University of Pittsburgh-Pittsburgh Campus,,,,,,,,,,,,,,,,,,,
161,University of Puerto Rico-Rio Piedras,0.11174633684456582,0.12264271688178606,0.11511141182790206,0.12213824453851282,0.13603763984450412,0.1360596588914526,0.1342862689368522,0.1214246179718185,0.13339921044991443,0.14850592677215035,0.17420173683884183,0.22003129035719082,0.1783974276671195,0.17720394402930184,0.17824174226116568,0.1731472658525353,0.1684636629402964,0.14176244175103114,
162,University of Rhode Island,0.22922865487253363,0.25752082978134216,0.27832907910400856,0.26701185159172347,0.2826109852865017,0.23719656446351195,0.2717199800370733,0.2912090854955985,0.32223794620766,0.3105723750465174,0.33890097515953727,0.32223077073511963,0.3506151771553097,0.30334810802952633,0.2961675727947342,0.28041300146048953,0.2403904001081109,0.22210238390221534,0.2308645156792035
163,University of South Alabama,0.140772002303067,0.29575338010500396,0.2985590612327073,0.26276069851113,0.1656896723026481,0.2028988725373184,0.17643750319571405,0.21093292754301768,0.18704193049808046,0.19939451206624312,0.24894340316060273,0.2566007833254308,0.21320853570467707,0.23040965712084244,0.19095203823654247,0.15569029478638957,0.23645511994968402,0.15319072844033263,0.14441967231659722
164,University of South Carolina-Columbia,0.15354542178229205,0.1412784574896073,0.1740126626512212,0.17542334663590847,0.1692597636270259,0.1424764220534983,0.14480586155387135,0.15018716798918091,0.17801730859181533,0.13226870284600659,0.11558487747183285,0.13463766560605248,0.14812428367194458,0.13541738967818445,0.13406640907541018,0.131717239081793,0.0987096844910531,0.11706898311883458,0.11872949586613538
165,University of South Dakota,0.2313452552922548,0.19963286523559282,0.17282630101891414,0.17671874824724582,0.16709924172967533,0.16944155464536104,0.1909459688930125,0.17490742913076313,0.2866476554970458,0.2570738344682047,0.24626812639151766,0.22218605140341435,0.19476270188498462,0.2170473629054354,0.11971183590695263,0.11701272969537882,0.10046733875361692,0.10594747119906481,0.099672415977413
166,University of South Florida,0.1664995414806737,0.18800784538892815,0.1823825530457908,0.18079924541932116,0.17847211326328696,0.20472352009177855,0.1964141360502141,0.20502187330302804,0.1764738241400373,0.1802951705187265,0.16376609908523676,0.15548343642682552,0.1885687248800678,0.18070689059151768,0.18712477717326334,0.19743838985956857,0.2440758752288496,0.2563969840275479,0.21145166483486638
167,University of Southern Mississippi,0.21092036783114376,0.19663163751772011,0.19254714905770912,0.21250961957117398,0.19545192040337964,0.21730845132645607,0.20407809954623404,0.1836329662914872,0.19360091101677276,0.18293885655803,0.2679119558283185,0.23614140861945462,0.2600706689224784,0.26197666278534765,0.22210837602155417,0.22088572630878847,0.20021448241160772,0.18202061042042478,0.18056698768636742
168,University of Toledo,0.1467362722755495,0.20556155219692612,0.1875402922489942,0.2216483215992182,0.2154290297390199,0.17564883732755163,0.22281573174219252,0.21750706980759596,0.19862229150266816,0.29485128069523736,0.19275161028515408,0.2117098185713172,0.18309898757738344,0.17642686671989946,0.17700459653561998,0.15996993359810083,0.1602671014052028,0.169425460343228,0.17578409921964072
169,University of Utah,0.24828697280646997,0.3674761122268882,0.3104255600642418,0.25232316937458266,0.26350336162710913,0.2771439646112472,0.21118593459315524,0.27396695345162425,0.20336805985623127,0.274863087603575,0.2847203682147777,0.16001090255707304,0.1999463668820755,0.20777424469119865,0.19322364079394894,0.16957686127477237,0.17888041902445867,0.1628553191326716,0.18122672216832025
170,University of Vermont,0.22543726314196694,0.20422988249940016,0.1821654652825967,0.16649098923516234,0.15497031065814426,0.17696509142721445,0.19006887975098175,0.17860363039216062,0.20645576568429616,0.22676399225534488,0.22929955379870032,0.24164002508249469,0.2732468513061443,0.2441951579262742,0.2575504596850893,0.23538009580179736,0.2566836761935272,0.172321356316258,0.24514422956224843
171,University of Virginia-Main Campus,0.2821684666322045,0.28557265086234207,0.24090933488696042,0.19294912668421899,0.2153462589244173,0.186347769713689,0.1724464814360682,0.16313391107882336,0.16449294369356013,0.1596118468274521,0.20069562875758076,0.1959877455065688,0.17702517302736953,0.1850804062450754,0.1847778471903109,0.1802076152000747,0.17395384768031316,0.16544171218940565,0.18532921735704877
172,University of Washington-Seattle Campus,0.140577501800739,0.12118401102144508,0.14137395937465766,0.14058685049278374,0.17009881275067165,0.1482761824770567,0.16791887783470882,0.16080447357754596,0.13280122107177272,0.11128067063257145,0.1214729696835783,0.12182567828287544,0.14209597980719502,0.13873634821032604,0.11545507227980482,0.1302969177236582,0.1306372692859278,0.1285833637353533,0.20680014189545132
173,University of Wisconsin-Madison,0.14793762565768354,0.1259278727299469,0.13875841858415655,0.11724352007701905,0.10002253665846969,0.11937858527890795,0.11958143067739006,0.11310066927884345,0.11247793917596917,0.10224577303039843,0.0972515392874744,0.09205733763716932,0.08905658515486804,0.10623620396310264,0.0984171144529101,0.09002140940329725,0.09326197699834797,0.09479645063960536,0.08830649462444266
174,University of Wisconsin-Milwaukee,0.1468943742677259,0.13241809884677105,0.15308871550061562,0.14886653586277127,0.16710673977836335,0.165482276866057,0.15105668313431336,0.16614391336247947,0.12971352745758524,0.11714136105529421,0.11616280593100857,0.11446924614428126,0.10774516935176404,0.1268571647906839,0.10638198454037083,0.11232196759255011,0.11223753788358007,0.10298359819085809,0.10096359035494568
175,University of Wyoming,0.35506055382587043,0.3366818074490892,0.300054594820732,0.25559873846455394,0.2247408615231713,0.26841653587813474,0.25373377545669085,0.24235073227262818,0.2118665641026731,0.2258235157248505,0.24422080241395377,0.2041372829625365,0.2346228846063819,0.22182153119136827,0.24514142358375074,0.2421215080425577,0.2289191962657224,0.2157172611153479,0.2161172304907071
176,Utah State University,0.2608501890339946,0.22923669492866952,0.2037497502136726,0.23675295551973155,0.24623861194839597,0.22014458066998127,0.23054072695341019,0.22819528830478916,0.23171400587173938,0.25481408045081066,0.264897416422857,0.23852196093376307,0.1889776907085647,0.2854619471100204,0.28697000338627804,0.1945776989092606,0.21618238180763255,0.20209019401011696,0.21843582824317165
177,Virginia Commonwealth University,0.17091270467179487,0.18219403301528664,0.17230681126516942,0.1694560834305499,0.1683609846834351,0.1716110895340227,0.157860109471877,0.15237034103220487,0.14458950407689303,0.1344806686147493,0.15023244285449552,0.14725210073629894,0.15597688461662826,0.15037209002529306,0.1625171592975438,0.1600625747345862,0.18142573712927018,0.16543843033421504,0.1577340686657398
178,Virginia Polytechnic Institute and State University,0.14375491393019632,0.1438602881044925,0.16270734415866026,0.15884251599384142,0.15109360999965157,0.14244290376260088,0.1537643185205317,0.14396753315439076,0.1614351289907869,0.16480834285822626,0.15657159131150616,0.14864286128362156,0.16584454748125646,0.15353314079790287,0.16569197728877985,0.15416139156819214,0.12736316548126905,0.13021579414367243,0.13563579859481206
179,Washington State University,0.28270146149661446,0.3130890638544776,0.3160058738676462,0.228546956017006,0.26996297146290005,0.29001311116442796,0.24833740642514865,0.25881419422777,0.2279076203062374,0.2422604850283544,0.2211766607071869,0.18024469227880796,0.187986352031669,0.1770737975600068,0.1841584169269137,0.17615150381748446,0.1649706507292421,0.1579950023420988,0.19236523371012929
180,Wayne State University,0.2494406814571402,0.2544861570351072,0.2529002884479748,0.23502113877419833,0.21630122635114316,0.20501285656511792,0.1922318476569815,0.18413189334717417,0.18457046089619836,0.185966488979716,0.16568938675256048,0.1690512268707195,0.17372991843218594,0.17687421739495057,0.17445833948890566,0.17920557695597178,0.17376739751701709,0.2094846581556257,0.2034410601208684
181,West Virginia University,0.3505285756894824,0.34490205332423823,0.3494870161763621,0.3591493462144285,0.3498760196217623,0.3094889839303325,0.2702907689234996,0.2668085097753971,0.2936100394520695,0.287900169241364,0.28075253877771605,0.3216545782721564,0.31435370615416963,0.3181061425366226,0.3309979304311745,0.3088968611684957,0.2920488967621229,0.32907475660796764,0.2846172423543706
182,Western Michigan University,0.18410988600219924,0.18707752414541737,0.17789886586129683,0.15650396327087385,0.17829638359977174,0.17060870686337923,0.16388711269657746,0.19456069835722428,0.16252385686957185,0.15216765048481862,0.1581641436151386,0.17272023548966364,0.2049195049103154,0.20548550919214795,0.23142352819898243,0.17026722415029524,0.18695935918142648,0.1891696199114339,0.2643053132000947
183,Wichita State University,0.21065561619689463,0.2185552466444566,0.20765129590910797,0.19922992036844725,0.18523894790046505,0.21829742917346956,0.23077215620196662,0.17362289958603483,0.16999242832162045,0.1825820588402664,0.18164702456662535,0.17352220056931275,0.16630619500565777,0.15837874294192847,0.15928990025953624,0.15417807804984887,0.14954221702852188,,
184,William & Mary,0.24577689110675896,0.2518913915051831,0.23660721573809812,0.2540300557331358,0.2475069161142448,0.23654563150812005,0.21388188588637372,0.2006765371763057,0.1911693898666396,0.1970875406545983,0.18150401905807806,0.1764575348192064,0.16471507739801947,0.17951291059278698,0.1960320629857628,0.17669132623621725,0.14435494811993424,0.1557919363002269,0.16593834895202178
185,Wright State University-Main Campus,0.19495008560666655,0.218317942459374,0.1772594882905625,0.19640442715455392,0.21526860435465073,0.19294184261420916,0.18410076440152973,0.14822897004743185,0.14369720028022945,0.15190717536087645,0.12761073052871777,0.14010055466160715,0.1304964660367585,0.15874267260049593,0.14546793282020054,0.1460846323566288,0.13679836984169758,0.14015501061725694,0.15154918747658944
