Institution,2012,2013,2014,2015,2016,2017,2018,2019
All institutions,65729007.0,67013138.0,67199090.0,68549882.0,71736098.0,75133630.0,79014076.0,83496348
Johns Hopkins U.a,2106185.0,2168568.0,2242478.0,2305679.0,2431180.0,2562307.0,2661033.0,2917436
"U. Michigan, Ann Arbor",1322711.0,1375117.0,1349262.0,1369278.0,1436448.0,1530139.0,1600869.0,1675805
"U. California, San Francisco",1032673.0,1042841.0,1084031.0,1126620.0,1294261.0,1409398.0,1595732.0,1595098
U. Pennsylvania,847077.0,828422.0,828350.0,864068.0,1296429.0,1374293.0,1441931.0,1506285
"U. Washington, Seattle",1109008.0,1192513.0,1176340.0,1180563.0,1277679.0,1348220.0,1413902.0,1425601
"U. California, San Diego",1073864.0,1075554.0,1067388.0,1101466.0,1087117.0,1133454.0,1265196.0,1353763
"U. California, Los Angeles",1003375.0,966659.0,948197.0,1021227.0,1037528.0,1076917.0,1318110.0,1306376
U. Wisconsin-Madison,1169779.0,1123501.0,1108564.0,1069077.0,1157680.0,1193413.0,1205518.0,1297331
Harvard U.,799432.0,1012766.0,933975.0,1013753.0,1077253.0,1123160.0,1173371.0,1239736
Duke U.,1009911.0,992821.0,1036813.0,1036698.0,1055778.0,1126924.0,1167611.0,1226517
Stanford U.,903238.0,945450.0,959247.0,1022551.0,1066269.0,1109708.0,1157597.0,1204116
"U. North Carolina, Chapel Hill",884791.0,973007.0,989766.0,966781.0,1045338.0,1102063.0,1136158.0,1153773
Cornell U.,802387.0,845184.0,883292.0,954412.0,974199.0,984478.0,1071621.0,1144534
U. Marylandb,,,,,,,,1096600
"U. Pittsburgh, Pittsburgh",866638.0,872736.0,856806.0,861205.0,889793.0,939706.0,1006513.0,1080951
Yale U.,656555.0,788784.0,772840.0,803004.0,881765.0,951084.0,990399.0,1072309
"U. Minnesota, Twin Cities",826173.0,858378.0,876870.0,880618.0,910181.0,921681.0,954683.0,1013112
Massachusetts Institute of Technology,824130.0,900524.0,908017.0,930719.0,946159.0,952017.0,964336.0,1009466
Columbia U. in the City of New York,889487.0,889188.0,890642.0,868159.0,837312.0,893062.0,947504.0,1003615
U. Texas M. D. Anderson Cancer Center,685814.0,718096.0,794980.0,833406.0,852095.0,888029.0,929710.0,969496
Georgia Institute of Technology,688905.0,730488.0,725550.0,765370.0,790706.0,804301.0,891728.0,960167
"Texas A&M U., College Station and Health Science Center",693421.0,820015.0,854214.0,866678.0,892718.0,905474.0,922178.0,952156
"Pennsylvania State U., University Park and Hershey Medical Center",797679.0,837880.0,800773.0,791031.0,825561.0,854815.0,908708.0,949679
New York U.,458645.0,471909.0,523623.0,602041.0,809739.0,917744.0,887558.0,934720
Ohio State U.,766513.0,793373.0,815075.0,817881.0,818464.0,864327.0,875014.0,929250
U. Florida,696985.0,695063.0,708526.0,739522.0,791294.0,801418.0,865093.0,928639
U. Southern California,623544.0,645636.0,687222.0,691031.0,702866.0,764322.0,891625.0,909683
"Washington U., Saint Louis",706410.0,684847.0,664752.0,694069.0,741115.0,754462.0,816139.0,887088
Northwestern U.,631078.0,639781.0,645333.0,656167.0,713491.0,751809.0,805672.0,857069
"U. California, Davis",713292.0,725734.0,711721.0,721077.0,741892.0,738347.0,788832.0,804282
"U. California, Berkeley",730348.0,727002.0,744343.0,788505.0,774255.0,770822.0,796505.0,802931
Emory U.,565766.0,575943.0,558600.0,585210.0,614527.0,664888.0,712417.0,794928
Vanderbilt U. and Vanderbilt U. Medical Center,560466.0,571603.0,683890.0,647816.0,640842.0,712036.0,738620.0,776937
U. Arizona,625365.0,629466.0,588088.0,606219.0,604464.0,622200.0,687066.0,734270
Michigan State U.,507061.0,515707.0,526906.0,558248.0,613369.0,694917.0,715290.0,725708
Icahn School of Medicine at Mount Sinai,400680.0,428654.0,463429.0,508353.0,540296.0,575448.0,640141.0,722241
"U. Texas, Austin",621538.0,634132.0,585251.0,604376.0,621692.0,652187.0,679781.0,696111
"U. Illinois, Urbana-Champaign",583754.0,743487.0,621733.0,639817.0,625180.0,642084.0,652709.0,677523
"Indiana U., Bloomington",184486.0,197897.0,206039.0,485076.0,508766.0,540421.0,566907.0,668157
"Purdue U., West Lafayette",602501.0,595739.0,564923.0,558611.0,606302.0,622813.0,631574.0,663927
"Rutgers, State U. New Jersey, New Brunswick",434901.0,493320.0,644116.0,628613.0,630212.0,681719.0,706282.0,657249
Baylor C. of Medicine,474700.0,508799.0,496314.0,520220.0,572527.0,604952.0,623396.0,651920
Arizona State U.,385959.0,405154.0,426651.0,458412.0,518239.0,545016.0,617717.0,639637
"U. Virginia, Charlottesville",383359.0,385828.0,358576.0,373218.0,397458.0,469682.0,551761.0,613938
"U. Alabama, Birmingham",453779.0,440796.0,428563.0,516229.0,537825.0,561851.0,588207.0,607863
U. Utah,430056.0,494058.0,486140.0,518928.0,350212.0,380295.0,552306.0,601133
U. Colorado Denver and Anschutz Medical Campus,431977.0,409443.0,411020.0,410081.0,443705.0,480598.0,525531.0,542732
Virginia Polytechnic Institute and State U.,454417.0,496169.0,513149.0,504282.0,521773.0,522425.0,531636.0,541969
North Carolina State U.,404225.0,417468.0,446112.0,468293.0,489918.0,500445.0,509841.0,541100
Boston U.,334496.0,368281.0,367328.0,388336.0,395921.0,421360.0,484205.0,534205
U. Cincinnati,433668.0,438642.0,422873.0,436028.0,430579.0,455250.0,480095.0,529796
U. Colorado Boulder,392004.0,385849.0,379475.0,420775.0,453123.0,499389.0,514573.0,513822
U. Iowa,446429.0,435377.0,449147.0,443218.0,473362.0,494280.0,511973.0,508353
U. Texas Southwestern Medical Center,435085.0,440620.0,434627.0,438824.0,442666.0,461797.0,474260.0,496697
U. Georgia,351395.0,350225.0,355471.0,374264.0,410345.0,455432.0,453249.0,477536
U. Chicago,419631.0,402621.0,390082.0,412536.0,420997.0,433328.0,423993.0,459171
"U. California, Irvine",350030.0,347773.0,340056.0,329798.0,345319.0,361414.0,426610.0,448967
Case Western Reserve U.,431090.0,425788.0,419011.0,401527.0,405655.0,408609.0,434441.0,438994
Scripps Research Institute,398673.0,399899.0,386231.0,384161.0,364670.0,354582.0,396839.0,427734
Uniformed Services U. of the Health Sciences,143250.0,164232.0,262489.0,361173.0,256203.0,298370.0,308326.0,417300
Oregon Health and Science U.,305530.0,308767.0,314802.0,326915.0,331524.0,348449.0,372180.0,415629
"SUNY, U. Buffalo",360226.0,387863.0,386562.0,382935.0,389569.0,401591.0,410220.0,413817
U. Kentucky,360776.0,339764.0,328239.0,331705.0,349661.0,378374.0,393034.0,410581
California Institute of Technology,379713.0,347105.0,367182.0,374424.0,371060.0,400312.0,391003.0,399931
"Colorado State U., Fort Collins",375919.0,313238.0,307978.0,317219.0,331862.0,338404.0,374955.0,398477
U. Rochester,389612.0,389355.0,353419.0,346932.0,346165.0,353003.0,370645.0,393960
"U. South Florida, Tampa",443206.0,459409.0,488641.0,485354.0,505965.0,557889.0,385686.0,391325
Princeton U.,275666.0,269908.0,293274.0,279851.0,307653.0,334125.0,365007.0,385739
"U. Illinois, Chicago",388625.0,367848.0,347888.0,354560.0,337296.0,372619.0,361690.0,382949
Washington State U.,335930.0,341082.0,326414.0,333134.0,334082.0,356901.0,360522.0,369333
U. Miami,365301.0,344757.0,345805.0,331036.0,358441.0,367877.0,357104.0,360716
Carnegie Mellon U.,255933.0,271277.0,251222.0,242004.0,319168.0,328100.0,331383.0,359720
Iowa State U.,260995.0,266596.0,313263.0,306125.0,328385.0,323584.0,361206.0,358474
"SUNY, Polytechnic Institute",,,412851.0,295313.0,316680.0,308861.0,257358.0,352889
U. Kansas,286262.0,298498.0,301534.0,311383.0,297933.0,300319.0,339046.0,352643
Rockefeller U.,292896.0,298474.0,316368.0,323932.0,335136.0,348845.0,353142.0,351089
Dartmouth C. and Dartmouth Hitchcock Medical Center,195930.0,201591.0,212606.0,209646.0,233636.0,308445.0,323927.0,342142
Florida State U.,225378.0,250877.0,252548.0,256449.0,268288.0,282901.0,297661.0,329205
"U. Nebraska, Lincoln",253321.0,266507.0,278299.0,284438.0,294856.0,302204.0,308053.0,316820
"U. Oklahoma, Norman and Health Science Center",240974.0,255674.0,253344.0,242367.0,259998.0,272239.0,283638.0,302679
Albert Einstein C. of Medicine,,,,,289660.0,289685.0,297328.0,298824
"Louisiana State U., Baton Rouge",285395.0,283400.0,290076.0,281154.0,291972.0,265168.0,286726.0,296497
Medical U. South Carolina,236586.0,245451.0,242594.0,243534.0,260098.0,262267.0,282253.0,295600
U. Connecticut,256854.0,242251.0,258056.0,259397.0,265522.0,267647.0,269685.0,285764
Temple U.,138318.0,224087.0,224101.0,227468.0,246392.0,268385.0,276011.0,284301
Utah State U.,157355.0,158352.0,169605.0,175353.0,180590.0,187314.0,219397.0,283917
"U. Massachusetts, Medical School",256090.0,245923.0,241869.0,250338.0,253099.0,279884.0,274211.0,281507
"U. Hawaii, Manoa",312311.0,326750.0,324342.0,316497.0,304476.0,292021.0,276388.0,280416
"U. Missouri, Columbia",239810.0,236423.0,237266.0,246684.0,248300.0,253952.0,256183.0,278793
"U. Texas Health Science Center, Houston",236250.0,233256.0,233737.0,234299.0,237016.0,246060.0,258411.0,271525
George Washington U.,196448.0,202428.0,227995.0,241117.0,231829.0,245519.0,260656.0,269799
Mississippi State U.,233197.0,206424.0,209729.0,226359.0,239446.0,240972.0,244102.0,264526
Oregon State U.,240507.0,232677.0,230963.0,245317.0,254275.0,267068.0,272433.0,263830
"SUNY, Stony Brook U.",219744.0,225712.0,211631.0,220580.0,230621.0,238612.0,245016.0,260813
Brown U.,365120.0,361010.0,341531.0,342040.0,347016.0,212290.0,244838.0,256954
Virginia Commonwealth U.,201366.0,196015.0,201858.0,218925.0,225999.0,235464.0,246190.0,255648
"U. Tennessee, Knoxville",179252.0,193054.0,179041.0,173533.0,183268.0,203800.0,259607.0,247693
Medical C. Wisconsin,209040.0,201237.0,199713.0,199283.0,199925.0,209618.0,229436.0,244752
Wayne State U.,227070.0,224331.0,218435.0,213878.0,221537.0,227728.0,238859.0,244217
"U. California, Santa Barbara",233883.0,236497.0,231322.0,222870.0,230139.0,238246.0,235164.0,243778
Georgetown U.,180308.0,178995.0,172726.0,176131.0,183788.0,212319.0,221449.0,240960
U. Notre Dame,157691.0,175220.0,182228.0,190954.0,202216.0,212823.0,219993.0,240078
U. New Mexico,220360.0,227703.0,228849.0,232271.0,239550.0,246597.0,251322.0,239696
Wake Forest U.,204328.0,182721.0,176380.0,171926.0,170006.0,182227.0,191371.0,238933
"Auburn U., Auburn",133013.0,147229.0,142487.0,135899.0,152381.0,190340.0,212925.0,231619
Woods Hole Oceanographic Institution,204352.0,198232.0,220016.0,216592.0,212374.0,194088.0,204400.0,229143
Florida International U.,118058.0,128070.0,132531.0,163033.0,170846.0,177292.0,196180.0,225864
U. Central Florida,116891.0,126681.0,185555.0,215519.0,198211.0,200387.0,215332.0,225085
"U. Massachusetts, Amherst",194775.0,190739.0,200199.0,213902.0,214576.0,210416.0,211140.0,223177
Clemson U.,142096.0,152444.0,161070.0,171215.0,183965.0,193268.0,213458.0,218760
Kansas State U.,176141.0,183096.0,184945.0,188721.0,193254.0,196478.0,218299.0,218622
Tufts U.,160922.0,156525.0,160825.0,168314.0,189085.0,223409.0,213457.0,213285
U. Delaware,170174.0,179967.0,175563.0,175724.0,176295.0,183428.0,186192.0,206270
"U. South Carolina, Columbia",214901.0,203365.0,206173.0,208736.0,209271.0,208670.0,206355.0,205940
Tulane U.,164373.0,160414.0,157825.0,152658.0,165438.0,180993.0,193294.0,196933
Georgia State U.,91148.0,111999.0,123915.0,139596.0,161314.0,200171.0,201235.0,195572
U. Houston,116288.0,130844.0,140597.0,150628.0,162049.0,169431.0,177484.0,195398
"U. Nebraska, Medical Center",141619.0,137485.0,139126.0,145009.0,150694.0,171491.0,177245.0,194455
Texas Tech U.,138026.0,142676.0,159308.0,163897.0,172521.0,191482.0,185742.0,193923
"U. Texas Health Science Center, San Antonio",184298.0,175983.0,172716.0,170277.0,194885.0,169200.0,179219.0,188483
West Virginia U.,169303.0,167144.0,164454.0,170145.0,172477.0,185606.0,185110.0,187512
George Mason U.,90198.0,95913.0,98680.0,106410.0,108899.0,112404.0,149138.0,186267
"Oklahoma State U., Stillwater",166523.0,134500.0,126543.0,129968.0,181617.0,189024.0,188756.0,184276
Northeastern U.,107862.0,116088.0,116245.0,122915.0,129040.0,142349.0,166711.0,183998
Rice U.,117223.0,131003.0,138536.0,144679.0,154543.0,167277.0,161831.0,182564
"SUNY, U. Albany",137758.0,137759.0,130955.0,111705.0,120232.0,156386.0,173031.0,181531
"U. Arkansas, Fayetteville",123199.0,125501.0,125824.0,133660.0,145020.0,157791.0,175498.0,180225
"U. California, Riverside",135494.0,132617.0,133558.0,144511.0,152233.0,163632.0,167847.0,177655
U. Texas Medical Branch,180888.0,180198.0,178014.0,173506.0,179541.0,185106.0,181831.0,175372
U. Louisville,196842.0,186772.0,183376.0,163262.0,172907.0,177588.0,176655.0,173462
Thomas Jefferson U.,100506.0,89273.0,118378.0,119631.0,122396.0,142569.0,148573.0,170458
U. Dayton,81030.0,84252.0,86881.0,98182.0,116589.0,135214.0,147001.0,165343
New Jersey Institute of Technology,102851.0,107310.0,106081.0,110512.0,130812.0,142164.0,162349.0,161232
U. Mississippi,121731.0,108168.0,109922.0,94040.0,121665.0,134542.0,137521.0,158809
"Montana State U., Bozeman",124228.0,113136.0,113348.0,108414.0,112073.0,129622.0,125129.0,154811
Syracuse U.,85649.0,70967.0,66321.0,69896.0,84651.0,145705.0,147751.0,154366
U. Arkansas for Medical Sciences,129056.0,133677.0,131438.0,132451.0,125378.0,128508.0,139187.0,153135
North Dakota State U.,135493.0,150173.0,154437.0,153542.0,156297.0,153119.0,145669.0,152381
"U. Nevada, Reno",85726.0,89797.0,87324.0,90138.0,95475.0,105869.0,144426.0,152128
Drexel U.,116768.0,123813.0,131170.0,128027.0,127909.0,138577.0,155908.0,149481
U. New Hampshire,165156.0,147446.0,147544.0,144735.0,145015.0,145375.0,146430.0,148980
"U. Alaska, Fairbanks",160407.0,162658.0,155769.0,142742.0,144259.0,152694.0,140917.0,144457
"U. Louisiana, Lafayette",65275.0,61887.0,67580.0,77300.0,80099.0,100956.0,124713.0,144187
"U. California, Santa Cruz",155516.0,150777.0,151734.0,151713.0,151192.0,124344.0,127538.0,142958
U. Vermont,115697.0,115486.0,109701.0,114547.0,115611.0,117667.0,128293.0,135859
U. Maine,92135.0,77583.0,101247.0,79500.0,79222.0,99502.0,106694.0,129913
Wichita State U.,61279.0,61388.0,58859.0,59940.0,65930.0,78514.0,81137.0,128795
Cold Spring Harbor Laboratory,84072.0,78236.0,76733.0,84653.0,88943.0,97288.0,115870.0,126773
"U. Texas, Dallas",90700.0,98842.0,99727.0,98551.0,106205.0,113205.0,113315.0,126661
"U. Texas, Arlington",78556.0,86735.0,89175.0,77798.0,87386.0,97197.0,105688.0,123207
U. Rhode Island,114323.0,101898.0,91706.0,93828.0,97900.0,101871.0,104490.0,115160
U. Idaho,97227.0,95891.0,95594.0,97493.0,102457.0,109537.0,111590.0,113107
U. North Dakota,80149.0,68942.0,67595.0,64384.0,70275.0,102823.0,109865.0,110836
U. Oregon,105030.0,94522.0,91203.0,79698.0,100754.0,95974.0,111896.0,110664
"U. Alabama, Huntsville",87388.0,101016.0,89325.0,88439.0,96865.0,94376.0,99405.0,109744
"U. Texas, El Paso",79649.0,83249.0,79537.0,89418.0,91330.0,94565.0,91032.0,106809
"U. Montana, Missoula",59313.0,60189.0,55032.0,60485.0,70059.0,85044.0,90563.0,104665
"SUNY, Binghamton U.",81000.0,76005.0,71382.0,79895.0,85192.0,98089.0,113851.0,104297
Rensselaer Polytechnic Institute,92720.0,92495.0,105608.0,102841.0,101127.0,104797.0,100856.0,103739
New Mexico State U.,141151.0,142365.0,134262.0,132377.0,106282.0,102218.0,96270.0,101457
"U. Nevada, Las Vegas",34543.0,35935.0,39448.0,42000.0,62825.0,66285.0,83800.0,99445
"U. Tennessee, Health Science Center",77754.0,71902.0,67841.0,65771.0,71547.0,73393.0,79460.0,96979
Augusta U.,,64033.0,64118.0,67737.0,71338.0,99661.0,99081.0,96502
Rush U.,80300.0,81770.0,80551.0,79048.0,73351.0,74062.0,89101.0,96267
San Diego State U.,92867.0,86733.0,95674.0,93572.0,90722.0,89187.0,88177.0,92964
"U. Texas, San Antonio",57233.0,53626.0,47061.0,54949.0,59831.0,70163.0,72682.0,84326
"U. Massachusetts, Lowell",60624.0,63136.0,64591.0,70384.0,68494.0,69677.0,72266.0,83996
"U. Alabama, Tuscaloosa",55885.0,55443.0,53140.0,58234.0,62549.0,63282.0,71992.0,83317
"U. Maryland, Baltimore County",74993.0,71819.0,67833.0,68688.0,70166.0,70406.0,71481.0,80632
Michigan Technological U.,71989.0,70689.0,68526.0,69607.0,72536.0,71629.0,78678.0,80443
U. Wyoming,65611.0,65490.0,51422.0,56996.0,112056.0,125032.0,113063.0,80353
Cleveland State U.,61111.0,67378.0,61783.0,57662.0,77720.0,83762.0,83641.0,80077
"U. North Texas, Denton",46943.0,49518.0,44180.0,43628.0,37106.0,43789.0,44025.0,78691
U. Southern Mississippi,60079.0,51962.0,51938.0,51840.0,59363.0,61659.0,61336.0,76464
"U. Tennessee, Knoxville, Institute of Agriculture",68480.0,67887.0,67171.0,67059.0,69136.0,70192.0,70305.0,71396
American U.,43526.0,61087.0,63628.0,58325.0,57064.0,56034.0,61741.0,71053
Colorado School of Mines,58836.0,59091.0,59695.0,58349.0,60931.0,59477.0,60372.0,70397
"U. California, Office of the President",65627.0,67447.0,50103.0,48341.0,39051.0,46399.0,55676.0,67702
"Indiana U.-Purdue U., Indianapolis",316914.0,332760.0,324261.0,55973.0,57853.0,58056.0,60501.0,67635
Old Dominion U.,104579.0,99138.0,67037.0,65092.0,70054.0,67990.0,60321.0,67425
Naval Postgraduate School,132450.0,94880.0,99032.0,89170.0,65529.0,60386.0,59213.0,67323
South Dakota State U.,68743.0,63843.0,58334.0,58373.0,60677.0,63412.0,63465.0,66794
Saint Louis U.,49086.0,48231.0,44481.0,44457.0,42151.0,56402.0,60380.0,66103
William & Mary,55805.0,57940.0,59015.0,61554.0,63027.0,64127.0,65269.0,64835
Texas State U.,36664.0,37053.0,39265.0,47694.0,54298.0,60741.0,64322.0,64554
Wright State U.,46213.0,50489.0,54985.0,54289.0,55484.0,59379.0,68035.0,64208
"U. Massachusetts, Boston",60086.0,60380.0,61186.0,62374.0,64223.0,70019.0,61473.0,62018
Boston C.,51442.0,50702.0,49724.0,47761.0,54469.0,58088.0,57030.0,61956
Van Andel Research Institute,,,,40502.0,40040.0,44578.0,55171.0,61738
Brandeis U.,74660.0,76060.0,74992.0,74700.0,73435.0,68437.0,61639.0,60825
Northern Arizona U.,28100.0,30516.0,31590.0,35206.0,39580.0,46253.0,52899.0,58914
U. Memphis,51194.0,48141.0,55566.0,46675.0,48321.0,49695.0,64297.0,58700
Rochester Institute of Technology,36935.0,36613.0,35945.0,40442.0,45518.0,51263.0,49413.0,58175
U. Maryland Center for Environmental Science,48224.0,53683.0,50814.0,52235.0,54974.0,55078.0,54136.0,56033
East Carolina U.,31990.0,38271.0,29925.0,26549.0,25273.0,26117.0,39074.0,55611
U. Toledo,68228.0,69072.0,61900.0,52354.0,50019.0,50030.0,50320.0,55006
U. Wisconsin-Milwaukee,61771.0,56587.0,60752.0,63414.0,59813.0,54181.0,55771.0,53773
Ohio U.,57203.0,59734.0,60800.0,61078.0,59117.0,61092.0,53303.0,53735
"CUNY, City C.",57982.0,55138.0,52654.0,53223.0,62484.0,54627.0,53979.0,52738
U. South Alabama,40172.0,40590.0,41681.0,43722.0,46670.0,41431.0,41056.0,52540
U. Texas Rio Grande Valley,,,,,31007.0,29500.0,27125.0,52016
Florida Atlantic U.,65377.0,23967.0,22997.0,21214.0,26750.0,46025.0,48024.0,51085
"U. North Texas, Health Science Center",46865.0,44904.0,47002.0,46335.0,50567.0,48476.0,49503.0,50124
Portland State U.,58489.0,55435.0,54787.0,53872.0,56572.0,48964.0,46911.0,50045
Kent State U.,26507.0,23149.0,25666.0,38069.0,34661.0,42003.0,42792.0,47188
"U. North Carolina, Charlotte",25141.0,24764.0,23342.0,24870.0,27815.0,26097.0,39888.0,47187
"U. Puerto Rico, Medical Sciences Campus",45649.0,43374.0,40444.0,43316.0,46232.0,42423.0,41216.0,45014
"U. California, Merced",22656.0,22909.0,23916.0,29688.0,29370.0,35093.0,38226.0,44890
San Jose State U.,34727.0,38326.0,43509.0,45037.0,41662.0,39192.0,41366.0,44309
Howard U.,45486.0,42789.0,40771.0,47322.0,41038.0,45768.0,45965.0,44163
Mercer U.,31376.0,28892.0,30209.0,32838.0,31735.0,29447.0,34197.0,44128
"Texas Tech U., Health Sciences Center",61219.0,61412.0,38015.0,40438.0,40235.0,39767.0,37819.0,44072
U.S. Air Force Academy,56044.0,57164.0,44663.0,38326.0,55358.0,48287.0,35925.0,43941
Southern Methodist U.,24397.0,22544.0,32401.0,29282.0,31819.0,29879.0,31140.0,42562
Florida A&M U.,52263.0,51149.0,46367.0,46522.0,45390.0,37578.0,39682.0,42470
U. West Florida,16221.0,19332.0,19579.0,31232.0,40815.0,35054.0,41035.0,41977
Missouri U. of Science and Technology,38588.0,40397.0,39065.0,35842.0,35756.0,38243.0,42986.0,41939
"Southern Illinois U., Carbondale",71097.0,70854.0,65256.0,57509.0,53172.0,48416.0,49636.0,41729
"Louisiana State U., Health Sciences Center, New Orleans",53712.0,49443.0,45486.0,46840.0,43067.0,40785.0,38989.0,40914
Worcester Polytechnic Institute,20232.0,25298.0,29929.0,36130.0,37822.0,33368.0,33067.0,39878
Boise State U.,27920.0,25690.0,26568.0,31341.0,32085.0,34992.0,41382.0,39824
"Brigham Young U., Provo",33843.0,36562.0,38051.0,39126.0,42304.0,43406.0,40755.0,39582
"Loyola U., Chicago",45903.0,51676.0,50774.0,48664.0,42672.0,39738.0,39332.0,39223
Lehigh U.,31992.0,35220.0,37066.0,36788.0,32941.0,36969.0,38674.0,38185
"SUNY, Upstate Medical U.",35897.0,34286.0,33460.0,32453.0,31892.0,35551.0,36674.0,38091
Marquette U.,18606.0,20856.0,23633.0,24816.0,28422.0,30034.0,32471.0,37777
"CUNY, Hunter C.",41022.0,40059.0,38879.0,36368.0,37094.0,31273.0,33702.0,37478
North Carolina Agricultural and Technical State U.,35103.0,33994.0,35047.0,35172.0,33759.0,37379.0,38140.0,37339
Stevens Institute of Technology,31929.0,28908.0,30826.0,34082.0,35765.0,35144.0,33060.0,36695
U. Denver,15237.0,19262.0,18183.0,16116.0,21326.0,22289.0,27270.0,36551
"SUNY, Downstate Medical Center",43257.0,39354.0,33331.0,28652.0,33735.0,31873.0,34661.0,36015
Illinois Institute of Technology,32576.0,36722.0,31356.0,34336.0,29826.0,32659.0,33280.0,34334
Air Force Institute of Technology,32746.0,27592.0,23902.0,26866.0,29998.0,35733.0,33360.0,34016
Baylor U.,10161.0,13616.0,20729.0,24642.0,26767.0,29400.0,31936.0,33304
Texas A&M U.-Corpus Christi,15776.0,17418.0,21321.0,24507.0,24786.0,27993.0,30253.0,32944
U. South Dakota,31982.0,33187.0,30700.0,25661.0,25864.0,28358.0,30943.0,32028
San Francisco State U.,30291.0,33885.0,29457.0,26345.0,28273.0,29940.0,30903.0,31888
Morehouse School of Medicine,37586.0,36638.0,41858.0,33367.0,38774.0,36925.0,33215.0,31289
"California Polytechnic State U., San Luis Obispo",17412.0,16067.0,15096.0,16312.0,18081.0,17979.0,16352.0,30923
Kennesaw State U.,3511.0,5062.0,2192.0,4762.0,8279.0,9510.0,11214.0,30381
U. Akron,66413.0,69640.0,69528.0,58512.0,58817.0,41326.0,32582.0,30020
"SUNY, C. of Environmental Science and Forestry",23132.0,21239.0,19027.0,22051.0,24504.0,27923.0,26610.0,29137
"U. Massachusetts, Dartmouth",22732.0,27326.0,28219.0,26776.0,26824.0,26102.0,26626.0,28036
"U. Minnesota, Duluth",21530.0,21383.0,21904.0,27550.0,27528.0,24956.0,25189.0,27530
Illinois State U.,17760.0,17589.0,19159.0,18742.0,20408.0,20080.0,21055.0,27082
Eastern Virginia Medical School,37745.0,44183.0,43917.0,42296.0,32550.0,28671.0,30010.0,27064
Desert Research Institute,33056.0,27695.0,23778.0,22103.0,29422.0,29440.0,27875.0,26991
"U. Puerto Rico, Mayaguez",32115.0,29225.0,27152.0,28100.0,25491.0,26130.0,24769.0,26877
"U. Missouri, Kansas City",29227.0,28829.0,29164.0,26595.0,26292.0,25123.0,25136.0,26708
"Rutgers, State U. New Jersey, Newark",34797.0,37134.0,28083.0,24387.0,21492.0,25898.0,27206.0,26661
Northern Illinois U.,21823.0,23027.0,16427.0,17722.0,21225.0,19150.0,23280.0,26570
"U. North Carolina, Greensboro",19080.0,16590.0,20723.0,23026.0,23965.0,23231.0,22743.0,26325
"Louisiana State U., Health Sciences Center, Shreveport",29365.0,28266.0,25004.0,24069.0,23353.0,22560.0,24463.0,26262
Louisiana Tech U.,26546.0,24949.0,22942.0,23827.0,23104.0,22741.0,24655.0,26143
Western Michigan U. and Homer Stryker M.D. School of Medicine,21073.0,18979.0,18942.0,19679.0,18927.0,22372.0,21184.0,25071
"Teachers C., Columbia U.",20805.0,19649.0,20538.0,23269.0,24124.0,24194.0,24477.0,24865
New Mexico Institute of Mining and Technology,37875.0,32499.0,48338.0,26265.0,19598.0,20491.0,21383.0,24616
Nova Southeastern U.,12908.0,12712.0,13716.0,14775.0,19559.0,22508.0,23296.0,24567
Catholic U. of America,24971.0,23235.0,22331.0,24265.0,25139.0,24282.0,25497.0,24484
Loma Linda U.,31772.0,31715.0,23375.0,25519.0,22977.0,21846.0,22922.0,24408
"U. Puerto Rico, Rio Piedras",33099.0,29234.0,28793.0,28579.0,23491.0,21204.0,17085.0,24088
Creighton U.,32594.0,29983.0,25560.0,23825.0,23510.0,24315.0,20587.0,24039
"California State U., Sacramento",14053.0,15564.0,13136.0,17930.0,20676.0,21106.0,21429.0,23544
Albany Medical C.,17735.0,15093.0,16093.0,18043.0,20166.0,20443.0,21187.0,23028
Delaware State U.,15668.0,17295.0,17679.0,15980.0,21320.0,20793.0,21377.0,23017
Rowan U.,3783.0,3407.0,8202.0,8044.0,10212.0,12856.0,16247.0,22892
Villanova U.,8547.0,7049.0,13700.0,14512.0,14903.0,19037.0,20730.0,22837
Miami U.,26311.0,23924.0,21216.0,16108.0,16057.0,17239.0,19658.0,22380
Texas A&M U.-Kingsville,17419.0,18653.0,21819.0,20894.0,21309.0,22633.0,21150.0,22268
"U. Alaska, Anchorage",20194.0,20255.0,17150.0,17436.0,19883.0,20861.0,21096.0,21724
"California State U., Northridge",29491.0,9640.0,12991.0,13333.0,16330.0,17979.0,19618.0,21095
Tuskegee U.,15991.0,21150.0,24945.0,20740.0,16535.0,16535.0,16535.0,20562
Fordham U.,19311.0,18822.0,17961.0,20939.0,25374.0,20807.0,20644.0,20287
Marshall U.,18998.0,19617.0,20382.0,19936.0,20687.0,18348.0,20050.0,19622
Chapman U.,3314.0,4463.0,4794.0,5353.0,6554.0,10626.0,14141.0,19592
New York Medical C.,23277.0,20243.0,17908.0,17653.0,17311.0,15637.0,16226.0,19398
"U. Nebraska, central administration",,,,,,,13352.0,18860
"California State U., Long Beach",13696.0,12796.0,10097.0,8830.0,16390.0,18805.0,22880.0,18664
U. Tulsa,20270.0,21757.0,27077.0,25066.0,22347.0,20879.0,20072.0,18648
"CUNY, Queens C.",22399.0,19762.0,23434.0,19092.0,19168.0,15936.0,16676.0,18391
Meharry Medical C.,25559.0,22532.0,18997.0,13998.0,14768.0,16782.0,16980.0,18286
Jackson State U.,46943.0,36264.0,26609.0,23908.0,23832.0,22790.0,19465.0,18160
"Southern Illinois U., Edwardsville",26992.0,25807.0,18915.0,19051.0,18780.0,17393.0,18420.0,18088
Prairie View A&M U.,14552.0,13198.0,12292.0,13123.0,12616.0,13982.0,17278.0,18018
Northeast Ohio Medical U.,13358.0,12722.0,15916.0,17103.0,18823.0,19216.0,18231.0,18016
Oakland U.,18194.0,16767.0,15196.0,17108.0,16001.0,14561.0,13817.0,18002
Florida Institute of Technology,17100.0,13298.0,14255.0,14282.0,18860.0,18180.0,17378.0,17876
"U. North Carolina, Wilmington",19722.0,18145.0,14648.0,15564.0,15715.0,16015.0,16955.0,17515
Clarkson U.,14809.0,12061.0,13750.0,13406.0,12983.0,15148.0,16927.0,17147
Central Michigan U.,10907.0,12879.0,15015.0,12880.0,14166.0,14652.0,15616.0,17102
Bowling Green State U.,8566.0,13157.0,8861.0,7995.0,14460.0,14333.0,17991.0,17026
Duquesne U.,15547.0,15661.0,15025.0,16159.0,17089.0,17197.0,17420.0,16947
"U. Texas Health Science Center, Tyler",,,,12191.0,11799.0,16292.0,15451.0,16538
North Carolina Central U.,11076.0,8979.0,11537.0,12448.0,12463.0,14119.0,14942.0,16227
Rosalind Franklin U. of Medicine and Science,15587.0,17401.0,17794.0,16604.0,16760.0,17006.0,16765.0,16126
"California State U., San Bernardino",9303.0,11942.0,13582.0,15317.0,10771.0,12924.0,16702.0,16062
U. New Orleans,28450.0,24607.0,20614.0,18960.0,15719.0,15939.0,14437.0,15328
Tennessee State U.,15439.0,16177.0,20068.0,19955.0,19520.0,18108.0,17681.0,15236
Humboldt State U.,9510.0,8025.0,8306.0,11218.0,16143.0,15969.0,15044.0,15076
Idaho State U.,21179.0,22147.0,20610.0,17866.0,20447.0,18564.0,18081.0,14972
Alcorn State U.,11515.0,11315.0,10060.0,9396.0,8204.0,16129.0,13834.0,14435
"U. Nebraska, Omaha",8376.0,9181.0,9222.0,9422.0,10459.0,12061.0,12943.0,14302
East Tennessee State U.,11213.0,8919.0,7836.0,6930.0,7982.0,9493.0,14043.0,14197
Tennessee Technological U.,10233.0,9715.0,10097.0,11082.0,11528.0,12079.0,12765.0,13801
Charles R. Drew U. of Medicine and Science,20580.0,18547.0,20686.0,14128.0,13360.0,15652.0,11490.0,13739
"U. Missouri, Saint Louis",19356.0,20869.0,18618.0,12061.0,13460.0,12042.0,12266.0,13697
U.S. Naval Academy,9610.0,10816.0,10861.0,9609.0,11374.0,13541.0,14057.0,13621
Hampton U.,15356.0,12641.0,11169.0,14895.0,14225.0,16482.0,14424.0,13605
New School,7568.0,9219.0,7160.0,8978.0,17425.0,12740.0,13606.0,13421
Morgan State U.,17751.0,15475.0,15720.0,13577.0,15727.0,14978.0,12993.0,13253
Tarleton State U.,9393.0,9722.0,10996.0,9825.0,9404.0,10893.0,12503.0,13171
South Dakota School of Mines and Technology,19140.0,12156.0,10524.0,14970.0,15396.0,15541.0,15092.0,12973
Alabama A&M U.,29979.0,29720.0,29461.0,29202.0,25112.0,21022.0,16932.0,12840
Montana Technological U.,11765.0,11059.0,11348.0,11595.0,11851.0,13059.0,12666.0,12731
Embry-Riddle Aeronautical U.,19376.0,16484.0,15393.0,11942.0,16761.0,13335.0,16767.0,12478
"California State U., Los Angeles",7192.0,7659.0,5172.0,5010.0,5371.0,8274.0,9594.0,12476
U. Baltimore,5556.0,5448.0,4990.0,5022.0,5798.0,6851.0,10556.0,12451
U. North Florida,7031.0,4480.0,3674.0,3689.0,5141.0,6476.0,9994.0,12341
"CUNY, John Jay C. of Criminal Justice",9319.0,7355.0,8633.0,8689.0,9688.0,11934.0,14310.0,12295
U. Guam,6131.0,6043.0,7075.0,6062.0,7402.0,8842.0,11225.0,12249
U. of the Virgin Islands,25719.0,20041.0,20371.0,20630.0,21215.0,12298.0,11957.0,12236
"U. Hawaii, system office",,,,,,,12340.0,12159
Ball State U.,11740.0,10357.0,9209.0,10548.0,11763.0,8797.0,11163.0,12145
Western Washington U.,7597.0,8157.0,8567.0,9921.0,10743.0,13014.0,13075.0,11983
"Texas Tech U., Health Sciences Center, El Paso",,,23282.0,18889.0,17391.0,16479.0,12556.0,11883
"U. South Florida, Saint Petersburg",5488.0,6905.0,6908.0,7292.0,7116.0,8661.0,8478.0,11686
Virginia State U.,10296.0,9535.0,8374.0,7808.0,8147.0,10725.0,10673.0,11457
Ponce Health Sciences U.,11586.0,7241.0,5710.0,7520.0,7992.0,8664.0,7857.0,11390
Georgia Southern U.,5719.0,18069.0,20245.0,17152.0,17395.0,16084.0,12978.0,11166
U.S. Military Academy,12227.0,11630.0,14819.0,15312.0,13500.0,13617.0,13582.0,10765
Langston U.,5326.0,4932.0,8512.0,8126.0,11178.0,11025.0,10872.0,10719
"California State U., San Marcos",7802.0,8809.0,8302.0,6432.0,6634.0,6549.0,8348.0,10595
Midwestern U.,5200.0,6292.0,7310.0,8560.0,7732.0,9207.0,10173.0,10343
Montclair State U.,5123.0,4568.0,4266.0,4274.0,5207.0,5796.0,7980.0,10225
Clark U.,7260.0,5693.0,6168.0,7050.0,6970.0,8453.0,8318.0,10193
Xavier U. Louisiana,10606.0,8789.0,9346.0,9588.0,12084.0,12424.0,11784.0,10152
William Paterson U.,,,,,1919.0,3012.0,9456.0,10122
"U. Arkansas, Little Rock",10500.0,13107.0,8068.0,7003.0,7604.0,6833.0,8167.0,9975
Wesleyan U.,8945.0,8120.0,7262.0,7223.0,7740.0,8945.0,10662.0,9958
Bryn Mawr C.,9837.0,9452.0,9143.0,11692.0,10867.0,11146.0,10282.0,9846
St. Edward's U.,5906.0,8040.0,3975.0,9515.0,9325.0,10149.0,10431.0,9650
"CUNY, Graduate School of Public Health and Health Policy",,,,,,,9751.0,9521
Rhode Island C.,10389.0,10385.0,8938.0,10080.0,9943.0,9030.0,9287.0,9480
Sam Houston State U.,4349.0,4608.0,3996.0,3086.0,3266.0,3658.0,7152.0,9445
Salisbury U.,6891.0,6959.0,7923.0,7960.0,8473.0,7731.0,9119.0,9368
Western Kentucky U.,10639.0,9322.0,8280.0,7854.0,8926.0,10814.0,9617.0,9281
"U. Tennessee, Chattanooga",10896.0,7844.0,6239.0,6817.0,5600.0,6352.0,7585.0,9280
Clark Atlanta U.,10406.0,9159.0,9192.0,9945.0,8513.0,8007.0,7833.0,9048
"U. Arkansas, Pine Bluff",9082.0,8911.0,8198.0,8425.0,8873.0,8136.0,8349.0,9024
"Arkansas State U., Jonesboro",14250.0,10463.0,8099.0,8453.0,8169.0,7952.0,8245.0,8945
"U. Michigan, Dearborn",6015.0,6846.0,8176.0,7802.0,7904.0,8315.0,8094.0,8813
Wellesley C.,8439.0,9113.0,10127.0,9595.0,11664.0,10326.0,11530.0,8810
Pacific U.,2110.0,2535.0,2122.0,2016.0,2508.0,7770.0,6264.0,8753
James Madison U.,8891.0,5835.0,4628.0,3712.0,3303.0,3248.0,4191.0,8726
Claremont Graduate U.,10350.0,9705.0,9540.0,9375.0,9210.0,9045.0,8880.0,8715
"California State U., Fresno",8359.0,7682.0,8109.0,8624.0,8586.0,8102.0,8988.0,8599
Kentucky State U.,6859.0,5605.0,5694.0,6017.0,7178.0,8151.0,9125.0,8433
"CUNY, Advanced Science Research Center",,,,569.0,,3541.0,5666.0,8310
Indiana U. Pennsylvania,1809.0,1280.0,938.0,,1241.0,2291.0,6450.0,8119
Norfolk State U.,8336.0,6431.0,6936.0,5348.0,7593.0,7296.0,6914.0,8050
"U. Washington, Bothell",4285.0,4704.0,7550.0,7657.0,8406.0,10219.0,8097.0,7950
Middle Tennessee State U.,7108.0,5718.0,4334.0,4350.0,6164.0,4714.0,7132.0,7673
C. Charleston,9579.0,10224.0,10034.0,10607.0,10189.0,8927.0,7375.0,7610
"California State U., Bakersfield",1241.0,2602.0,2432.0,3192.0,3161.0,4652.0,5577.0,7591
U. New England,5224.0,6637.0,7650.0,7498.0,7566.0,8064.0,6700.0,7346
Loyola Marymount U.,5746.0,6766.0,7635.0,6389.0,7504.0,7071.0,7911.0,7272
Edward Via C. of Osteopathic Medicine,2576.0,4992.0,2633.0,2237.0,5692.0,8119.0,7601.0,7225
Eastern Michigan U.,12437.0,3128.0,1428.0,1761.0,3815.0,6281.0,6600.0,7175
"California State U., Fullerton",22222.0,18478.0,7919.0,5611.0,5755.0,5510.0,6348.0,7173
"U. Maryland, Eastern Shore",7309.0,8826.0,8982.0,9700.0,8250.0,7403.0,4941.0,7133
"CUNY, Brooklyn C.",9216.0,8064.0,9407.0,9091.0,9602.0,7393.0,6600.0,7064
Seton Hall U.,6398.0,6489.0,6675.0,7058.0,7244.0,7272.0,6536.0,7056
"U. Hawaii, Hilo",22003.0,16009.0,9323.0,14495.0,11287.0,7008.0,7133.0,6864
West Chester U. Pennsylvania,4591.0,1635.0,2793.0,5009.0,5895.0,7293.0,6340.0,6777
U. Southern Maine,13915.0,11725.0,9408.0,7091.0,4773.0,7147.0,7414.0,6654
Grand Valley State U.,7814.0,9202.0,8198.0,7453.0,6764.0,6917.0,6968.0,6592
Texas Christian U.,7775.0,8574.0,7872.0,8007.0,6589.0,7255.0,5808.0,6552
"California State U., Monterey Bay",6567.0,6129.0,4787.0,5492.0,5680.0,5397.0,5799.0,6444
"U. Oklahoma, Tulsa",,,,4104.0,4962.0,4487.0,6233.0,6373
Amherst C.,5448.0,6275.0,4308.0,4412.0,4260.0,4070.0,4849.0,6325
Claremont McKenna C.,5365.0,5414.0,5463.0,,6094.0,5818.0,5693.0,6214
DePaul U.,5706.0,5524.0,6415.0,9479.0,9558.0,8561.0,7079.0,6144
"California State Polytechnic U., Pomona",6597.0,6988.0,5455.0,4611.0,5254.0,5863.0,8043.0,6099
Texas A&M International U.,3344.0,3674.0,3441.0,2917.0,3742.0,4745.0,5735.0,6068
Smith C.,4246.0,4234.0,4283.0,5268.0,4466.0,6055.0,5954.0,6041
U. San Diego,4275.0,4554.0,5146.0,4476.0,4734.0,5089.0,5642.0,6036
New Jersey City U.,,,,,,5442.0,8211.0,5961
Missouri State U.,4340.0,3882.0,3782.0,3540.0,3069.0,3215.0,4409.0,5910
Florida Gulf Coast U.,14393.0,14204.0,9626.0,8992.0,7335.0,6025.0,5115.0,5907
West Virginia State U.,5087.0,4491.0,7221.0,7365.0,5224.0,6305.0,6535.0,5829
New York Institute of Technology,3013.0,4007.0,5761.0,4169.0,4114.0,3236.0,3832.0,5820
U. Central Oklahoma,1028.0,1067.0,1362.0,7691.0,6275.0,5832.0,5104.0,5682
Bucknell U.,4009.0,4297.0,4464.0,4140.0,4516.0,4892.0,5269.0,5625
Azusa Pacific U.,2056.0,,,7521.0,8898.0,8430.0,8380.0,5598
Grinnell C.,2735.0,4023.0,3974.0,3723.0,4183.0,4953.0,5573.0,5500
"Southern U. and A&M C., Agricultural Research and Extension Center",8122.0,5530.0,5606.0,4761.0,4704.0,5000.0,5296.0,5448
West Texas A&M U.,6937.0,5510.0,5407.0,4513.0,4048.0,4943.0,4797.0,5437
"Oklahoma State U., Center for Health Sciences",2122.0,2137.0,1805.0,1625.0,2182.0,2454.0,2608.0,5408
"CUNY, Graduate Center",9173.0,11982.0,7797.0,6175.0,7093.0,8011.0,4781.0,5399
Gallaudet U.,6765.0,6769.0,5655.0,4477.0,6947.0,7603.0,7617.0,5382
"Purdue U., Northwest",,,,,,8924.0,8062.0,5272
U. Detroit Mercy,970.0,,1320.0,1882.0,3654.0,2748.0,4605.0,5210
Williams C.,4518.0,3857.0,4440.0,5679.0,5747.0,5227.0,5506.0,5188
Alfred U.,5451.0,6731.0,4655.0,5193.0,3975.0,3231.0,3641.0,5153
Long Island U.,890.0,915.0,,,1420.0,2290.0,2405.0,5113
U. New Haven,2723.0,1400.0,1616.0,1832.0,3822.0,5005.0,5585.0,5062
Naval War C.,2938.0,2700.0,2736.0,2653.0,3210.0,4240.0,5270.0,5060
Franklin and Marshall C.,2997.0,3475.0,3105.0,3888.0,3772.0,4385.0,4769.0,5041
Western U. of Health Sciences,3005.0,3721.0,5474.0,4904.0,6895.0,6187.0,5140.0,4951
"U. Massachusetts, central office",3173.0,3617.0,5875.0,5056.0,5219.0,4394.0,5298.0,4916
Texas Southern U.,6380.0,6548.0,6038.0,5005.0,4495.0,4722.0,3740.0,4893
Lamar U.,3589.0,2605.0,2447.0,2824.0,2783.0,3883.0,3595.0,4848
U. of the District of Columbia,4030.0,3073.0,2361.0,2043.0,3469.0,3733.0,2960.0,4800
Oregon Institute of Technology,,,,2056.0,4027.0,3595.0,3163.0,4793
Fisk U.,4058.0,6565.0,9073.0,9854.0,10635.0,5017.0,2790.0,4748
U. Colorado Colorado Springs,4727.0,4721.0,5363.0,6988.0,6812.0,6680.0,5976.0,4720
Fayetteville State U.,15719.0,16698.0,14732.0,13746.0,15725.0,5105.0,4980.0,4695
"CUNY, Lehman C.",3228.0,2904.0,3265.0,3130.0,5347.0,4979.0,5556.0,4690
Southern Connecticut State U.,3526.0,2012.0,5465.0,5482.0,3243.0,2493.0,2763.0,4627
"U. North Carolina, Asheville",3068.0,2647.0,2150.0,2384.0,3348.0,2863.0,3414.0,4602
"Lincoln U., Jefferson City",7899.0,6585.0,6742.0,6296.0,5826.0,5164.0,4215.0,4581
U. Northern Colorado,2896.0,3034.0,4176.0,3652.0,4028.0,4538.0,5089.0,4571
Morehouse C.,9113.0,9581.0,7349.0,6180.0,4315.0,3667.0,4531.0,4564
Fort Valley State U.,3665.0,3688.0,4547.0,4320.0,5138.0,5374.0,3916.0,4563
"Southern U. and A&M C., Baton Rouge",6773.0,4920.0,4812.0,4766.0,4322.0,4043.0,4171.0,4492
Texas Woman's U.,4129.0,2704.0,2650.0,2310.0,3014.0,4073.0,4822.0,4477
Youngstown State U.,3598.0,3785.0,3464.0,3348.0,2342.0,4439.0,4463.0,4447
Carleton C.,4957.0,5848.0,5657.0,6746.0,6385.0,6888.0,5515.0,4388
National Defense U.,,5865.0,7682.0,5542.0,6447.0,6293.0,4276.0,4231
Swarthmore C.,3281.0,3415.0,3528.0,2943.0,3211.0,3569.0,3921.0,4203
"U. North Carolina, general administration",,,,4197.0,4137.0,3721.0,4843.0,4154
MGH Institute of Health Professions,,,,3931.0,2548.0,2282.0,3328.0,4130
Milwaukee School of Engineering,4635.0,4376.0,4410.0,4524.0,3930.0,3374.0,3232.0,4026
Barnard C.,3684.0,2931.0,2738.0,2916.0,3534.0,3730.0,3458.0,4010
"CUNY, C. Staten Island",4955.0,3691.0,3731.0,3060.0,3511.0,4250.0,4118.0,3986
U. Central del Caribe,7313.0,7095.0,7181.0,6964.0,7090.0,5634.0,4111.0,3953
"U. Ana G. Mendez, Gurabo",6953.0,6916.0,2694.0,2473.0,2518.0,1777.0,1579.0,3945
Roseman U. of Health Sciences,,,3021.0,3287.0,3433.0,4167.0,3973.0,3916
Pace U.,4214.0,3611.0,4373.0,4647.0,5359.0,5028.0,4282.0,3855
"Memorial Sloan Kettering Cancer Center, Louis V. Gerstner Jr. Graduate S. of Biomedical Sciences",2562.0,2979.0,3356.0,3089.0,3177.0,3285.0,3502.0,3769
Central State U.,3591.0,2771.0,2025.0,1508.0,1643.0,2008.0,3615.0,3766
Colgate U.,3268.0,2704.0,2444.0,2721.0,3219.0,3414.0,3823.0,3756
Haverford C.,2588.0,2769.0,2546.0,2633.0,2173.0,2442.0,3041.0,3752
U. of the Sciences Philadelphia,3610.0,3765.0,2922.0,4076.0,3308.0,3980.0,3671.0,3740
Trinity U.,1611.0,3094.0,2992.0,2633.0,2383.0,3274.0,3244.0,3736
Dakota State U.,5709.0,1574.0,1446.0,1152.0,2171.0,2284.0,3619.0,3710
Murray State U.,3345.0,2192.0,2080.0,2371.0,2124.0,2459.0,2872.0,3710
"Toyota Technological Institute, Chicago",,,,2543.0,2710.0,2880.0,3251.0,3681
Stephen F. Austin State U.,5495.0,4612.0,4298.0,5170.0,4749.0,3677.0,3336.0,3679
South Carolina State U.,12909.0,12809.0,12709.0,12607.0,13076.0,14300.0,15130.0,3659
U. Northern Iowa,3615.0,3678.0,3711.0,4032.0,3632.0,3303.0,2983.0,3628
Touro U.,2237.0,2155.0,3067.0,3106.0,3466.0,3122.0,3233.0,3543
U. Central Arkansas,3277.0,2913.0,4064.0,3502.0,3453.0,3313.0,3620.0,3477
"U. Washington, Tacoma",1845.0,2203.0,2938.0,3618.0,3957.0,3246.0,3006.0,3471
U. Wisconsin-Stevens Point,5576.0,4392.0,3919.0,3446.0,2973.0,3110.0,3291.0,3464
Towson U.,2599.0,2800.0,2997.0,3153.0,2303.0,2834.0,3194.0,3423
"Pennsylvania State U., Behrend",3374.0,3203.0,4282.0,3737.0,5382.0,3804.0,2760.0,3414
Texas A&M U.-Commerce,2279.0,2541.0,2833.0,3755.0,2943.0,4227.0,3431.0,3403
"Minnesota State U., Mankato",2082.0,2640.0,3310.0,2294.0,4034.0,2471.0,2943.0,3392
Albany C. of Pharmacy and Health Sciences,2639.0,2637.0,3200.0,2533.0,1789.0,2567.0,2732.0,3383
Tougaloo C.,2613.0,2639.0,2285.0,2689.0,2473.0,3030.0,3173.0,3380
Harvey Mudd C.,3512.0,3595.0,3127.0,3272.0,4332.0,3748.0,3790.0,3353
St. Cloud State U.,2932.0,2912.0,3380.0,4192.0,3497.0,3588.0,3725.0,3275
Appalachian State U.,4438.0,3051.0,4289.0,3878.0,3146.0,4475.0,3631.0,3268
Reed C.,1837.0,2395.0,3124.0,3050.0,3213.0,1415.0,2607.0,3240
"California State U., Chico",2492.0,2868.0,2384.0,1837.0,2363.0,1600.0,2452.0,3232
Central Washington U.,2753.0,2122.0,2124.0,2581.0,2751.0,3798.0,3066.0,3223
"Rutgers, State U. New Jersey, Camden",3810.0,5722.0,4919.0,5123.0,4250.0,5103.0,3264.0,3211
Philadelphia C. of Osteopathic Medicine,1898.0,2614.0,2209.0,2561.0,2458.0,2969.0,3059.0,3162
"Colorado State U., Pueblo",,,,,,,,3107
U. of the Pacific,5291.0,4563.0,4088.0,2734.0,3013.0,2155.0,3014.0,3078
Skidmore C.,1885.0,1903.0,1811.0,1772.0,1327.0,1859.0,2584.0,3012
Bowdoin C.,4732.0,4292.0,3126.0,2991.0,3204.0,2340.0,2724.0,2991
Pomona C.,3259.0,3679.0,3818.0,3538.0,3691.0,3205.0,2983.0,2985
Mount Holyoke C.,3323.0,3118.0,3871.0,3826.0,3403.0,3635.0,3027.0,2979
"SUNY, C. of Optometry",3466.0,3637.0,3481.0,3906.0,4169.0,3304.0,3120.0,2968
"California State U., Maritime Academy",2793.0,2480.0,1011.0,1542.0,2205.0,1921.0,3039.0,2959
"U. Nebraska, Kearney",1715.0,1761.0,1504.0,1496.0,1864.0,3510.0,2639.0,2919
Saint Joseph's U.,2955.0,2921.0,1988.0,2093.0,2171.0,2409.0,2151.0,2851
Grambling State U.,2179.0,1695.0,1469.0,1863.0,1570.0,5911.0,2981.0,2836
Saginaw Valley State U.,1094.0,939.0,,1220.0,1190.0,1406.0,1640.0,2818
"Pennsylvania State U., Harrisburg",2903.0,2230.0,2557.0,3379.0,2558.0,1654.0,2119.0,2805
U. Richmond,4282.0,3351.0,3598.0,3069.0,3047.0,3106.0,2784.0,2783
Dillard U.,7448.0,7741.0,6939.0,9387.0,9566.0,7095.0,6573.0,2772
Spelman C.,2148.0,1602.0,1595.0,1524.0,1929.0,2079.0,2350.0,2751
Lewis and Clark C.,2246.0,3628.0,4713.0,3873.0,3267.0,3438.0,2811.0,2750
Hope C.,3376.0,3559.0,3016.0,2932.0,2811.0,3225.0,3179.0,2745
U. San Francisco,4301.0,2663.0,2764.0,2599.0,2365.0,2602.0,2741.0,2712
"CUNY, New York City C. of Technology",,,,,,,2418.0,2711
U. Wisconsin-La Crosse,3583.0,3796.0,3424.0,3615.0,3211.0,3187.0,3569.0,2692
Northwest Indian C.,2847.0,3247.0,2609.0,1631.0,,,2154.0,2659
Stockton U.,927.0,,1374.0,1452.0,807.0,,2560.0,2634
Western Carolina U.,1811.0,1028.0,1048.0,1145.0,1305.0,1474.0,1507.0,2633
"CUNY, system office",1817.0,1210.0,1088.0,1782.0,1655.0,1114.0,3253.0,2619
Alabama State U.,13607.0,1927.0,2236.0,2303.0,2372.0,2253.0,2434.0,2577
Elon U.,1658.0,2043.0,2184.0,2608.0,2606.0,2407.0,2486.0,2545
Pittsburg State U.,1479.0,1536.0,2475.0,2210.0,2162.0,2255.0,2253.0,2513
"U. South Carolina, Aiken",,1309.0,1133.0,1154.0,1445.0,2961.0,2602.0,2481
Northeastern Illinois U.,,,703.0,,,1403.0,2442.0,2478
Occidental C.,1592.0,1634.0,2177.0,1544.0,2008.0,1764.0,1445.0,2458
Jacksonville State U.,,,,3242.0,3231.0,3120.0,3008.0,2429
Yeshiva U.,289027.0,271166.0,306826.0,306174.0,46130.0,3258.0,3302.0,2420
"Purdue U., Fort Wayne",8570.0,8128.0,7882.0,7052.0,5952.0,5254.0,4945.0,2416
"CUNY, Baruch C.",3605.0,2264.0,2183.0,2451.0,2998.0,2543.0,2817.0,2387
Western Illinois U.,4514.0,1983.0,1349.0,860.0,,2006.0,2466.0,2373
"U. Louisiana, Monroe",2469.0,2781.0,2267.0,1672.0,2441.0,2297.0,2123.0,2364
Northern Kentucky U.,2201.0,1810.0,2052.0,2026.0,1846.0,1649.0,1653.0,2363
"St. John's U., New York",2161.0,2401.0,2507.0,2558.0,2307.0,2542.0,2903.0,2352
Sul Ross State U.,2375.0,2159.0,2528.0,2204.0,2015.0,2500.0,2934.0,2352
Santa Clara U.,3329.0,2376.0,2883.0,1659.0,2056.0,2145.0,2299.0,2319
Austin Peay State U.,2124.0,2067.0,2002.0,2113.0,1823.0,2134.0,2644.0,2285
Erikson Institute,2511.0,2001.0,1321.0,2397.0,3117.0,3965.0,3583.0,2279
U. Wisconsin-Superior,6041.0,,3030.0,,,,3068.0,2250
Colorado C.,1248.0,1229.0,1823.0,2247.0,1775.0,2215.0,2560.0,2233
Seattle U.,642.0,,2692.0,2847.0,2050.0,1623.0,2535.0,2223
U. Houston-Downtown,2267.0,1444.0,2414.0,2459.0,1784.0,2397.0,2508.0,2216
Winthrop U.,7993.0,12495.0,13981.0,10156.0,1993.0,1826.0,2007.0,2189
"Wheaton C., Wheaton",844.0,,1302.0,783.0,,1270.0,1751.0,2173
Pepperdine U.,2571.0,2400.0,2401.0,2714.0,3178.0,2396.0,1954.0,2170
Johnson C. Smith U.,,,,,2094.0,2255.0,2468.0,2148
"SUNY, Geneseo",2132.0,1201.0,1084.0,1314.0,1750.0,1758.0,1939.0,2139
Bates C.,2070.0,2514.0,1584.0,2791.0,1781.0,1853.0,1635.0,2135
"SUNY, Buffalo State",2970.0,2106.0,1996.0,2366.0,2221.0,1887.0,1928.0,2124
Polytechnic U. Puerto Rico,,,,,,,,2118
Keck Graduate Institute,1920.0,2357.0,2132.0,1722.0,1814.0,1875.0,1967.0,2095
U. Wisconsin-Green Bay,1259.0,1279.0,1299.0,1320.0,1599.0,1510.0,1454.0,2083
Oberlin C.,1856.0,1670.0,1819.0,1932.0,1305.0,1887.0,1803.0,2076
U. North Georgia,,,,,,2064.0,2465.0,2068
"U. Texas, Tyler",8520.0,5317.0,6894.0,4610.0,2844.0,1837.0,1828.0,2063
Northwestern State U. Louisiana,1102.0,1022.0,792.0,,1628.0,1373.0,1623.0,2058
Niagara U.,2475.0,2193.0,1946.0,1828.0,1505.0,1823.0,2523.0,2057
Hamilton C.,3069.0,2942.0,2846.0,2291.0,2662.0,2354.0,1796.0,2050
Coastal Carolina U.,2412.0,2516.0,2166.0,1862.0,1779.0,1893.0,1631.0,2042
Black Hills State U.,2466.0,3061.0,2380.0,2430.0,2833.0,2109.0,1571.0,2031
Morehead State U.,2174.0,2631.0,1892.0,1838.0,2399.0,2860.0,2434.0,2028
Eastern Washington U.,2700.0,2115.0,1867.0,2973.0,3368.0,2000.0,2590.0,2024
Winston-Salem State U.,1977.0,841.0,,,1356.0,1575.0,1629.0,2011
Florida Polytechnic U.,,,,212.0,,,,2006
Hawaii Pacific U.,1390.0,1043.0,1524.0,1241.0,2371.0,2175.0,2114.0,1980
Southeastern Louisiana U.,2121.0,2067.0,1503.0,2670.0,2128.0,2206.0,2039.0,1971
Christopher Newport U.,1327.0,1187.0,1508.0,1208.0,1172.0,1264.0,1732.0,1961
"California State U., Dominguez Hills",2894.0,4671.0,3614.0,2557.0,2790.0,1858.0,2043.0,1957
Des Moines U.,,,929.0,,1401.0,1416.0,1423.0,1954
Willamette U.,2652.0,1960.0,1698.0,2007.0,2459.0,3147.0,2723.0,1953
Hobart and William Smith Colleges,1516.0,2238.0,1221.0,946.0,,952.0,,1919
Bowie State U.,1739.0,1422.0,1761.0,1497.0,1927.0,1813.0,1839.0,1911
Connecticut C.,1740.0,1842.0,1966.0,1900.0,1972.0,1875.0,1349.0,1894
"U. Illinois, Springfield",2370.0,2276.0,1916.0,2070.0,1683.0,2900.0,2164.0,1876
"U. South Florida, Sarasota-Manatee",,,1026.0,1595.0,1827.0,1883.0,1934.0,1872
U. of St. Thomas (MN),1030.0,1424.0,916.0,,1266.0,1241.0,1645.0,1870
"U. Puerto Rico, Cayey",1916.0,1726.0,1795.0,1521.0,1415.0,1109.0,1359.0,1870
"Trinity C., Hartford",2102.0,1786.0,2131.0,1717.0,1598.0,2856.0,1672.0,1858
Colby C.,1996.0,1822.0,1673.0,1748.0,1903.0,2071.0,2240.0,1852
Roger Williams U.,2596.0,2186.0,2558.0,2348.0,2441.0,2952.0,1937.0,1852
Babson C.,,,,,2108.0,1849.0,1917.0,1845
Macalester C.,1721.0,1457.0,1455.0,1286.0,1562.0,1916.0,1404.0,1808
Mercyhurst U.,1539.0,1414.0,1914.0,1987.0,1647.0,1669.0,,1801
U. of the Incarnate Word,,,,848.0,,,1338.0,1800
"SUNY, Oswego",,725.0,,,,1658.0,1982.0,1781
Liberty U.,,,,,,,,1780
Davidson C.,1400.0,2337.0,1804.0,2377.0,1521.0,1736.0,1638.0,1777
Alaska Pacific U.,,,,1246.0,1358.0,1248.0,1544.0,1774
Kettering U.,4059.0,3449.0,3517.0,3673.0,3463.0,4233.0,2531.0,1765
C. Wooster,966.0,,1321.0,1245.0,,1644.0,1494.0,1758
Claflin U.,5255.0,2661.0,1818.0,1255.0,1772.0,1360.0,1509.0,1746
Hofstra U.,3237.0,2394.0,3102.0,2585.0,2440.0,1702.0,1662.0,1744
"Union C., Schenectady",1516.0,2402.0,1924.0,1560.0,2150.0,1189.0,1540.0,1740
"SUNY, C. Plattsburgh",913.0,,1008.0,1135.0,1020.0,1003.0,1604.0,1729
Savannah State U.,1996.0,2613.0,2210.0,1801.0,2267.0,1407.0,1793.0,1720
U. Wisconsin-Oshkosh,2331.0,2167.0,1935.0,1703.0,,1538.0,1627.0,1713
Indiana State U.,1857.0,1238.0,1436.0,1541.0,1763.0,1284.0,1323.0,1682
Gettysburg C.,,,,,,1318.0,1539.0,1664
Eastern Connecticut State U.,,,1459.0,1149.0,1209.0,1228.0,1100.0,1659
Middlebury C.,3031.0,2179.0,1450.0,1599.0,1822.0,2043.0,1895.0,1657
Franklin W. Olin C. of Engineering,1777.0,1157.0,1561.0,2136.0,1762.0,1553.0,1254.0,1655
"Palmer C. of Chiropractic, Davenport",4507.0,3774.0,2736.0,1698.0,1510.0,1836.0,1600.0,1650
Mills C.,2747.0,3869.0,3619.0,3159.0,3540.0,3353.0,1850.0,1643
Furman U.,2049.0,2199.0,1600.0,1928.0,1869.0,2051.0,2064.0,1628
"CUNY, York C.",1544.0,999.0,,716.0,,,,1621
La Sierra U.,,,1057.0,1165.0,1255.0,2202.0,2227.0,1581
Calvin U.,3252.0,3466.0,3051.0,2430.0,1809.0,1456.0,1937.0,1577
"California State U., Channel Islands",,1236.0,3862.0,1949.0,1383.0,1096.0,1248.0,1572
Lafayette C.,1864.0,1947.0,1915.0,1693.0,1553.0,1831.0,1815.0,1554
U. Wisconsin-Eau Claire,1362.0,1235.0,915.0,,1238.0,1641.0,1227.0,1530
U. Hartford,2007.0,1807.0,1606.0,1701.0,1803.0,1801.0,1073.0,1528
Northern Michigan U.,,,,,1118.0,1339.0,1728.0,1520
Albany State U.,2225.0,1658.0,1549.0,1356.0,1496.0,1393.0,1301.0,1491
"California State U., Stanislaus",1881.0,1342.0,1136.0,1080.0,1248.0,1365.0,1394.0,1477
Fort Lewis C.,,,,,,,,1460
"U. Michigan, Flint",,,,,,1466.0,1237.0,1448
Marshall B. Ketchum U.,,,1030.0,1468.0,1491.0,1512.0,1451.0,1430
"CUNY, Medgar Evers C.",1635.0,1241.0,1083.0,970.0,,2046.0,2062.0,1397
"SUNY, C. Brockport",1487.0,1321.0,1192.0,1367.0,1335.0,1289.0,1293.0,1390
Central Connecticut State U.,1506.0,1574.0,1185.0,1259.0,1322.0,995.0,,1381
U. Houston-Clear Lake,1769.0,1542.0,1716.0,1535.0,1578.0,1779.0,1251.0,1370
Bradley U.,2392.0,2860.0,1514.0,1499.0,2122.0,1839.0,1274.0,1357
Lawrence Technological U.,1483.0,2022.0,1876.0,2528.0,1907.0,1942.0,1668.0,1352
"U. Alaska, Southeast",1382.0,1559.0,1512.0,1588.0,1808.0,1621.0,1641.0,1341
U. of Mary Washington,907.0,,,690.0,,,1242.0,1315
Monmouth U.,904.0,,865.0,,900.0,,,1294
Fairfield U.,9331.0,8769.0,9155.0,5750.0,6174.0,8749.0,1742.0,1279
Benedict C.,2754.0,2664.0,2479.0,1373.0,1653.0,1676.0,1934.0,1269
Salish Kootenai C.,1415.0,1612.0,1399.0,1186.0,1142.0,1481.0,1741.0,1252
National U. of Natural Medicine,,,,,,921.0,,1245
Heidelberg U.,,1129.0,1539.0,1109.0,1286.0,1621.0,1280.0,1237
"U. Minnesota, Morris",,1534.0,1338.0,1223.0,1029.0,974.0,,1234
New England C. of Optometry,2237.0,2172.0,1234.0,1077.0,980.0,,1026.0,1223
Saint Michael's C.,,1620.0,1541.0,1532.0,1624.0,1415.0,1482.0,1200
"U. Puerto Rico, Humacao",1949.0,1455.0,1145.0,784.0,,,1168.0,1195
"Saint John's U., Collegeville",,1444.0,1623.0,1372.0,1459.0,1267.0,1208.0,1191
Manhattan C.,,,,,,,,1190
Biola U.,,,,,1000.0,1034.0,1085.0,1155
Emerson C.,,,,1291.0,1114.0,1488.0,2059.0,1145
California Lutheran U.,,,,,,,,1143
Fort Hays State U.,,,,,,,,1143
Andrews U.,,,,,,,,1126
C. of Saint Benedict,,1347.0,1451.0,1179.0,1305.0,1122.0,1142.0,1126
Dine C.,,,,,,,1238.0,1126
Eastern Kentucky U.,3404.0,2845.0,2221.0,1681.0,1486.0,1248.0,1142.0,1125
Doane U.,678.0,,1033.0,474.0,,,1092.0,1093
Kenyon C.,,,,,,,1227.0,1092
U. Wisconsin-Platteville,,,1000.0,970.0,,1068.0,,1084
Whitman C.,849.0,,,,,,,1083
Keene State C.,2338.0,2387.0,2601.0,966.0,,908.0,,1061
Providence C.,,983.0,,1329.0,1196.0,1014.0,1215.0,1042
Albion C.,,,,,,1074.0,1055.0,1040
Dickinson C.,2167.0,1570.0,1612.0,1492.0,1332.0,869.0,,1037
Rhode Island School of Design,,,,1013.0,1071.0,1086.0,1042.0,1027
St. Olaf C.,1518.0,1242.0,1353.0,1346.0,1605.0,1539.0,1155.0,1010
Vassar C.,1258.0,1694.0,1220.0,2854.0,1495.0,1600.0,4185.0,1009
U.S. Army War C.,,,,,,,,1000
Augsburg U.,1144.0,915.0,,1193.0,1189.0,1141.0,1051.0,991
Canisius C.,,,,,,1546.0,1069.0,950
U. Portland,755.0,,,,,,,942
Chicago State U.,565.0,,,,910.0,,1154.0,898
Drake U.,,918.0,,,1558.0,1215.0,1103.0,865
American Samoa Community C.,,,,1337.0,793.0,,,860
Salus U.,1337.0,1368.0,1190.0,1257.0,1641.0,1566.0,1286.0,854
Augustana U.,1160.0,1045.0,1106.0,782.0,,1212.0,1170.0,841
Bethune-Cookman U.,,,,,,,1137.0,735
A. T. Still U.,3247.0,4569.0,5892.0,4571.0,2873.0,782.0,,644
Allegheny C.,,,,,1014.0,1243.0,1069.0,632
"U. Ana G. Mendez, Cupey",9472.0,7835.0,6997.0,6361.0,5183.0,5568.0,3926.0,624
Texas A&M U.-Central Texas,,,,,,,1122.0,428
Maine Maritime Academy,,,,1483.0,1902.0,1763.0,1093.0,358
Southwest C. of Naturopathic Medicine and Health Sciences,,,,,,,,230
Rider U.,1890.0,1648.0,1793.0,1726.0,1617.0,1565.0,1363.0,228
All other surveyed institutions,1725916.0,1656631.0,993124.0,982812.0,985098.0,1007589.0,1035242.0,0
