,Institution Name,19-20,18-19,17-18,16-17,15-16,14-15,13-14,12-13,11-12,10-11,09-10,08-09,07-08,06-07,05-06
0,Air Force Institute of Technology-Graduate School of Engineering & Management,,,,,,,,,,,,,,,
1,Arizona State University Campus Immersion,12979.894122584925,18139.850097377686,14401.219146597381,13124.70170594616,12276.106691248673,13458.068295949113,13575.553145336225,12029.966703662598,7644.3545308802195,8070.051111598884,7205.623958979719,6935.118592195869,8895.685398118445,11709.31351978475,2011.3706207744315
2,Arizona State University Digital Immersion,,,,,,,,,,,,,,,
3,Arizona State University-Downtown Phoenix,,,,,,,,,,,,,,0.0,
4,Arkansas State University,6696.341034819395,6475.999518459069,6060.466024057994,5107.789291338583,4413.130424143556,4543.564586478778,3813.2669372204737,3476.294814574373,3197.585752191043,852.8997357251542,867.7570194384449,873.401877559173,1175.6894991257843,,
5,Auburn University,27643.09093151071,27693.6037256865,28007.255164651637,28233.73652207591,26702.026597904653,24773.68757170172,26426.31461024499,23135.660173255354,20027.323514008902,17119.06524263791,17388.044382331766,16408.161054968958,16771.128300500528,20687.795449332538,16676.378265274656
6,Ball State University,10912.89620758483,11136.89107254861,9668.686507220216,10172.931646335315,9411.425276086284,9958.346873385013,9810.519201307323,8474.883973536093,7806.175890279114,7488.541276635778,6711.665010714982,6302.451717400247,149.04374933953292,136.43484069886946,125.91408016443988
7,Binghamton University,6542.039570378745,6691.076594045854,6475.712020131086,6462.673148531237,5604.957333173308,5894.609173639528,5305.784633808144,4895.474562798092,4267.3357885317,4409.65801967935,4364.228826460006,3973.319369214947,2628.6251062623974,2836.2431676350334,2253.085001471887
8,Boise State University,6372.513998369122,6711.198171078042,6545.406937095826,6122.491946147374,5706.898845892736,5781.549063253571,5719.360492918889,4948.396327649934,4544.778293918919,4484.574495848161,3947.843188137164,3468.3519065190653,4873.720274826643,5114.487905644033,4388.0488515482075
9,Bowling Green State University-Main Campus,11275.844266830618,10710.656618771018,9941.633178142612,9506.226710534333,9137.387944454822,9915.3343289273,11708.421558296659,10271.272849544537,10027.491401677427,10589.870410877918,9116.746598538411,8241.15692361762,11325.08237408052,4295.248509808172,3792.4490071228147
10,Central Michigan University,11486.727628601138,10466.126154016252,9316.187631188246,7691.155620021635,6165.728593668915,,4989.721470465986,4060.5021530890235,3440.9136126763547,3540.0714907012384,2837.3798963378367,2507.727774662468,3361.9652929363488,3518.4571648426813,2922.295353032125
11,Clemson University,30886.382091346153,31994.136112029082,31203.54704917343,31355.571369523284,27987.457002567684,40226.72771118187,39230.17720746927,25761.543788187373,8889.16630457273,8773.865917921967,7440.7413449631185,6509.458660975062,8180.718205082426,8241.513629236522,5884.7499547893185
12,Cleveland State University,7005.783919981675,548.9764949368024,547.3856647899523,532.862414905052,487.05513998717674,542.1515928231418,527.7920963388469,525.4722124143775,467.033619507972,454.77500860585195,400.40624550295007,397.55658086449733,499.7853892611897,512.1249008723236,496.5659524737047
13,Colorado School of Mines,39395.82480739599,41947.8828138023,42421.439934264585,41741.25877564863,36290.986324786325,40321.93818870524,41543.50816143498,41917.55946976575,38360.285821737496,38658.77712031558,33884.46621759543,32815.9645232816,36789.07469342252,44421.82741116751,39358.37563451777
14,Colorado State University-Fort Collins,14302.498081752232,13710.34977782443,13011.070742480544,12177.37501768284,11422.837713284582,11336.339659685864,11532.513062381118,10634.705853378213,9185.1322910635,9033.04791594504,7582.439130608494,6646.752148760331,8039.049027686223,8238.416914505928,6933.5771082265965
15,CUNY City College,25610.580242941036,25562.184407915734,24050.48109537887,23079.0987861364,21124.271808250447,21768.418319090684,22163.409665801155,17182.581664405967,15784.99173752607,15448.622667532047,11094.586140364981,10230.218675315808,11810.279019660651,10260.578999309188,4708.101752885848
16,CUNY Graduate School and University Center,23591.614840126924,25116.555643669046,17739.67601325516,17457.632432432434,17444.942809917356,20616.000402900885,20528.89099689548,16467.364505119454,13810.005224660397,12864.862068965518,11911.6553056922,15215.168547780286,19383.294359818854,17845.79103773585,3944.5968184311573
17,Delaware State University,5750.770398064658,5158.336266790181,7350.148262732032,6936.950363196126,6253.8566577734655,5455.13968636912,5369.212437692855,4724.4313677514065,4804.441476177361,4895.953993279917,4681.561956195619,5452.04633471646,6812.695883605394,6824.868922470434,5871.717864205669
18,East Carolina University,8672.046884588635,8541.241330815285,7826.360152808638,7320.583760144985,6665.011552606332,6947.317342268715,6884.235159722511,6043.5676815770785,5257.851104667783,5135.936085638947,3914.769221642145,3545.3583923195833,4084.9737814837104,4415.283203125,3722.4709042076993
19,East Tennessee State University,10573.055433634074,10262.329287895836,9933.071549842347,9479.339691491126,9006.917179676599,9408.881239099743,9371.13371335505,8245.788398309065,7691.436001843885,6930.228115381862,5852.182248170867,4668.9587961000425,5658.957433737055,5927.538040003653,5105.539349224367
20,Eastern Michigan University,5424.769673295455,5172.732101616628,4727.8720793306475,4333.086665870836,3875.2330108336714,3745.444982896237,3691.3595758707834,3155.44555585757,2785.404865099144,2901.089817483189,2465.9101252041373,2452.055129298096,3074.7876229098383,3082.7182869239537,2717.200203797061
21,Florida Agricultural and Mechanical University,10844.470815243609,10039.055600045762,10384.083531086853,10550.314602632861,9957.935114052712,9367.588819167142,8245.652702564626,7385.988008486302,6691.753645047763,5961.1256822429905,6467.445323975845,7770.11320754717,7730.969129655447,7177.947688447061,
22,Florida Atlantic University,10905.424842280232,11539.47112901964,11931.41917480566,11300.01329382558,10444.696273795058,11289.381849243719,11420.707986240623,7756.693931074048,7229.604206019393,7933.8436355614385,7202.5301837270345,6861.537593441041,8836.08889104304,10170.786860731732,9207.096652593485
23,Florida International University,4526.78072408868,4587.577289206437,5477.055634247859,5373.793866702404,5057.523773875959,5315.039145743677,5342.64807971184,5683.775937333268,5085.358049333432,4778.985932371177,4352.815437100213,4166.193745094488,3554.9256310096152,0.0,
24,Florida State University,17453.312677671936,18085.5237080037,17504.682157996147,16456.164903611047,15320.652530600477,15895.244754326532,16427.917328633805,14316.92542381736,12885.986588649545,18056.36847713991,12953.095131505315,12617.63643703894,17707.186948419534,14737.084499000857,9931.060900314324
25,George Mason University,4412.988842710997,3243.202613104524,2864.2962538355196,2720.037706123306,2595.6177643986653,2659.39497901789,2594.149485305087,2279.075686485655,1983.3336138632799,2002.0316548995268,1806.709414410796,1841.5244964376814,2404.291388638413,2492.743717681212,2133.212155754149
26,Georgia Institute of Technology-Main Campus,69200.32531734389,73198.0629049676,74966.3009966301,74584.11267605633,74925.39011703512,78783.56501101881,84402.57361154551,77288.44420407427,74480.05913953597,76340.57595324505,16336.478130588179,14576.547771650023,16436.524951227024,17477.00106723586,13457.6899634295
27,Georgia Southern University,3184.600041823505,3176.732482234341,2706.5823863636365,2654.083307397033,2500.314272186859,2591.8184646209006,2589.440916271722,2244.0661389715256,2013.6297539736663,2156.7337974205384,1874.1412435634793,1912.4610393511566,2414.131750407217,2575.6833431430255,160.39901125349638
28,Georgia State University,5010.571527657361,5440.544315905898,5350.845505443235,5253.588639457937,4637.484203159368,5927.4566916471,5990.843450893871,5390.171788263283,5124.518989003775,4828.669663066676,4136.454710984573,3757.693139063076,4589.271905137153,5351.619084530026,4920.15483818308
29,Idaho State University,6512.0519867549665,6392.653284276594,6100.068644067796,5478.1730096687925,4869.090104425659,4920.748995393512,4905.655275779376,4015.087342995169,3686.163621028957,3719.869975501316,3236.246596907121,3734.3177339901476,3786.4099232132307,3611.080440208759,2811.4873857767184
30,Illinois State University,7918.2181304598,7646.468640745842,6774.205815848977,5889.216462620474,5114.131887362783,5411.862739886236,4668.961932650073,4026.9846841097637,3471.365971935617,3578.9155891176165,3093.9439130886785,2446.865707180274,3073.140716787928,3025.7076431424766,2558.980125691572
31,Indiana University-Bloomington,29845.523776620685,29194.923180324604,28529.133717337027,26055.748988341846,24080.02796404276,23756.68933623504,23988.56473554152,21392.026255795485,18864.149924268335,19876.632604843475,17834.482468477803,16499.66811958361,22792.753225318407,22709.015860117128,4081.512554723909
32,Indiana University-Purdue University-Indianapolis,48687.204200254564,52548.25649817966,49666.23581246311,45721.496510552424,40025.54562834565,34616.345247084486,35749.98111510791,31202.016526746076,23426.63611879727,23197.912310967553,19259.848579040852,17682.185439663586,27804.1884613608,29415.889575471698,1215.1692016109926
33,Iowa State University,34032.52132280356,33112.41726979353,31074.195380526107,27344.597891385318,21214.265477598812,22291.355100378965,22963.573698146512,21335.85587188612,20318.557096337492,21224.80169485198,18280.049154617092,17858.049324212956,4270.25358933699,5189.120240569584,4612.216245456119
34,Jackson State University,7273.716199180586,7104.934074299635,5624.121982373228,5023.389956383355,4517.939823420074,1933.4899723374826,2031.2717244760388,2037.370474281897,1833.3047098620868,1882.001361285053,1730.7278123233466,1451.8654019873532,1726.0594634689085,2228.5350488021295,1507.5538265306122
35,Kansas State University,34644.20724046727,32874.92860971165,28031.933544797463,25372.54759519038,23338.591638451348,23463.67213744121,22800.990956320955,17614.645220499446,16289.55460767781,16349.806201550387,13694.129255056734,13160.193394792828,17049.78380018202,17484.48054977938,151.5205343019509
36,Kennesaw State University,1947.5410528234258,1528.0347036667417,1297.178050035372,1254.6716096072187,1288.6146537674676,1307.5079473043602,,,,,,,,,
37,Kent State University at Kent,6017.940140264026,6001.952357841948,5712.063249001331,5155.190517468813,4425.580689758248,4750.469464622007,4577.492533803645,3950.6033974283355,1480.4682880681146,1537.8581454875732,,1649.4033412887827,2197.938214322268,2965.374822155718,2534.2786218999677
38,Louisiana State University and Agricultural & Mechanical College,20348.42173309114,20671.871530705776,20705.53510366057,19077.371772681377,16578.723425336164,18080.85434344887,18472.693539561522,16823.34914534607,15384.187548096303,15441.630613668061,13823.703898803125,13022.980867924529,17465.913122652604,17810.706738466015,14079.828471060555
39,Louisiana Tech University,8207.434595524957,7640.750328249672,7152.801350814461,6683.043829872205,7465.873033940397,8105.249145252013,8107.808491212052,8222.800385837494,7090.904350677743,6939.344695309075,5856.049328366633,5322.173551863493,5934.196444444445,5789.3133640553,4668.105131539462
40,Marshall University,14903.051638530287,14233.986178233134,12077.908793876028,11500.68040201005,10764.079079536115,10588.022792285688,9857.680728404099,8942.33441048035,7939.902783800191,7086.801650886137,5853.787066779374,6080.540882746322,5609.396735774151,5332.174128919861,4920.105557949159
41,Miami University-Oxford,27919.341853678172,27896.029962546818,27598.121193351915,26545.09661710615,23351.178627553694,33377.624643683106,34848.786196302186,32353.407583474815,30269.376614547928,22667.04877910278,19901.32987860742,17972.21967871486,21757.152565880722,23780.964555490995,18051.0683625698
42,Michigan State University,79530.57055200677,80092.8833407188,77172.19203211427,72289.94169888693,60396.85618354785,62417.59372882544,58577.958453018364,48099.92006900517,43033.31426127337,38936.85124991697,30459.159854778714,30496.56827561457,41236.94029850746,31257.485213773747,26838.44556308813
43,Michigan Technological University,17900.45487749201,17025.4527340824,17354.868845053457,15964.393189318931,14459.925059241707,14758.918060457265,14401.620880813058,13615.015467274503,12071.57400156617,12011.227431345775,10378.418996092576,9698.482549317147,12682.108626198084,13141.241058060223,10775.510204081633
44,Mississippi State University,25503.386360295917,25761.588831497906,24815.54187095509,23494.28601294176,23521.46832830608,24744.135041322315,25235.422571018018,21655.13752261885,18636.24600292667,18854.390438897048,16968.505560407568,15516.368982978463,17970.07406696114,18672.55481550553,16566.731413028316
45,Missouri University of Science and Technology,29790.92386313139,28217.247651100828,25939.262335190975,24297.74373560883,23726.765507011867,,25434.806625018162,23753.37650323774,21406.157486423584,22697.582433521355,19604.85308056872,18206.170030914713,23299.36708622957,24729.02949910909,21153.60252431202
46,Montana State University,10640.434467776973,10281.169178351462,10769.185471100554,10260.45682601934,9132.725956714921,9440.04037336099,9455.815523816646,8171.108174934322,7521.331660325427,8483.180741242173,7867.650786351513,7330.12371526456,7778.436258199448,7160.067092651757,6849.569441834242
47,Montclair State University,2661.8094475580465,2543.704335768759,2339.032704804517,2295.17846631348,2132.3911630929174,2153.7297539651404,2181.125541125541,2239.9705105363396,2134.840087890625,2118.3943896424166,2124.9955732625053,1939.9525218649305,2177.503296093262,2391.3770539479424,1266.9399925456578
48,Morgan State University,5965.3480107603,5562.837084820203,4966.295032751092,4797.260793465578,4183.745418383293,4280.480543262628,4086.748762561872,3327.986784760298,2810.199303509242,261.60984952120384,233.46180296008373,221.24527371362814,289.35368217054264,448.9826628513718,394.45535093815147
49,New Jersey Institute of Technology,14200.481826751859,13264.06739388703,12569.184824687534,12323.687383536117,10525.751072961373,11331.84880666895,9149.072952576167,7962.838486652583,7376.06414571372,10480.033277870216,8744.68085106383,8291.499138426192,10807.652069944701,8142.313019390582,9094.523630907726
50,New Mexico State University-Main Campus,3339.198826979472,3544.912723624812,3517.6012159053566,3138.2732530120484,7627.377180793577,7888.377949217287,7892.3410824816465,6784.37745740498,6185.154714927201,6242.71512705135,5602.484203480589,5251.4438007771105,6530.067411600382,6869.624887959367,5503.00710248969
51,North Carolina A & T State University,6318.730074479925,7151.871865798162,5845.494825533474,5345.971744829595,4807.863286328633,4926.244469479721,4480.07914624183,3807.9845996940335,3082.1433211930307,2849.337973704563,2340.544984891315,2100.860322871754,1951.4585624509034,1766.00416828228,1440.696314541142
52,North Carolina State University at Raleigh,45307.117062414116,45673.03616265041,43258.86916106597,38523.86016672956,34178.731560392924,33369.92572998271,29868.21679265659,25682.755858201483,20907.82242406292,20085.593495934958,16660.374859262203,4496.460054809727,5808.236389839669,6776.7390538795635,5970.607120862202
53,North Dakota State University-Main Campus,44.56277928677824,46.17987421383648,44.39060344827586,40.88235294117647,40.40578676179152,32.117770196929754,32.122722691681524,29.089511041009462,29.61320305052431,27.881621580890663,27.898636363636363,30.934717078632332,34.51764376400299,35.28850925749189,35.80449307640166
54,Northern Arizona University,6835.0560440298,6474.655462184874,6253.156480859638,5896.949199337383,5131.726277502407,5442.951500283072,5360.409690762262,4266.7625089491685,4763.797544718191,4591.195592286502,3765.476988663889,3081.376404494382,3881.5141728740687,2772.572090437361,3460.7913010092147
55,Northern Illinois University,5464.564792176039,5729.986803722739,5659.672566371682,4876.580774533149,4117.404829714014,4312.324181564894,4173.916695078986,3431.2585788370297,175.36713526035908,140.7342750929368,144.45641646489105,153.3251111219655,139.71937649880095,148.99867587250543,122.79139167862267
56,Oakland University,6677.370996386797,6494.203486954401,6075.866953302281,5314.902958236659,4740.872347805978,4950.590467212632,4804.6847566793895,3734.668064927959,3444.3229871500403,3541.319905360812,2984.088571246251,2727.9088217482,3436.419317485185,2980.810638592603,2316.558058555998
57,Ohio State University-Main Campus,93318.34138255057,93453.67940498938,94687.11120233533,77675.9442354625,69019.7862593992,68718.43345978898,68704.81844066501,62128.024248437345,41914.06181279452,34909.86945776038,31726.57189359646,28375.887420527575,35668.98727911525,44551.16249903228,39423.8954356023
58,Ohio University-Main Campus,23534.542795629037,22422.638129440842,21097.20062300675,19511.56169717259,17607.524486514143,18861.20710565476,19484.57330614095,17063.806691875787,15723.631002268272,12650.115808892737,11274.63251860588,10752.727890289983,13494.273407753548,10699.398122851855,9912.953935748723
59,Oklahoma State University-Main Campus,20728.967840881858,20700.1868852459,18695.619702176402,17511.2052815147,16672.190095272334,17254.892530487807,19074.36077864595,17950.301612903226,14482.995254007457,14035.167649574574,10986.99738048461,12404.495395281458,15966.78495498703,7807.613182090746,6362.652339420807
60,Old Dominion University,14228.462219477044,12059.455834411385,12157.36010415603,10358.982646091576,9734.502974553818,9617.628823558574,9240.092528993082,8391.784697419387,7812.061344113188,7756.696265685632,7119.850767230169,7018.029168746188,762.9417764308195,658.4595300261096,578.6760667446586
61,Oregon State University,25536.616614373226,26380.151586588832,25762.51815860676,24059.43124638798,22645.782262283206,23418.284810386624,23941.856969848828,20623.66668103077,21045.167517275644,18331.392434988178,18263.110184458397,24995.60881146449,26132.835812702422,26364.42928011075,25370.005534736236
62,Pennsylvania State University-Main Campus,,,,,,,,,,,,,,,
63,Portland State University,127.34128315337037,126.15754618333914,124.27717364802263,121.41666666666667,113.18745548644414,121.6981780518808,3958.5693925233645,3351.8031701631703,2867.9589388383356,2842.1544164180455,2282.006207211319,2082.0136698725773,2485.301476383124,2241.7160770503174,1862.2774419859686
64,Purdue University-Main Campus,57584.0829241303,60205.616274658576,57801.07192500804,59818.44276832127,58577.36335168706,63565.29674299984,64782.56757615894,57202.64372501372,47882.04286302357,48062.11049587186,39138.79888033935,35122.158307829006,42016.704490200944,43264.40545900786,38116.81939694557
65,Rowan University,14420.978309199063,14138.275402046784,13115.4611343208,12989.943729685807,12735.963455882353,13986.43619246862,15303.557076400071,10441.748306997742,10781.61042135106,11053.205407586764,11198.872849046884,12155.798438371445,12430.317500286139,12625.432097321323,12629.370025900636
66,Rutgers University-Camden,8277.501656726308,7754.58298926507,9929.81530343008,10229.791099000908,5597.739484899018,6332.301141861815,5363.581970482649,,,,,,,,
67,Rutgers University-New Brunswick,24557.786692842816,24251.217680506383,21848.96035128503,21166.8062804734,18853.525236249618,15959.808698385612,17350.504453735684,17865.872854676552,16585.889728174297,16879.946031498923,15083.737436675427,14745.130999304429,17924.808848862158,18345.833977430822,15961.339958326655
68,Rutgers University-Newark,14715.761353517364,13814.558214864135,15390.459028831563,15945.137400116937,10610.36703813516,12733.130169786678,9811.376915444824,,,,,,,,
69,San Diego State University,10530.250290654345,9602.31215970962,9608.117055700417,8666.256344849855,7267.4088881653915,7047.40352110319,6885.925125817385,5887.7471289431605,5369.352694346289,5272.9365419421565,3898.587855707183,3194.496819296269,3650.969219849003,4171.814080110977,3798.0253758052972
70,South Dakota State University,18459.66035960694,14506.310361972952,11295.843379303693,11730.747015787447,9818.337837837838,10158.170233368839,10022.948070927514,9234.168013856814,7910.863051558182,6601.589315525876,6279.288079155171,5765.243592310773,4578.996635399673,6947.730694773069,5691.651950043821
71,Southern Illinois University-Carbondale,15369.39197625627,14360.066592053721,12118.297602600569,9871.153066508841,8101.6754735108425,8133.24483640417,8322.22087586434,7190.687530091478,6245.662221048462,6405.9437181330895,5033.715236495218,4172.418169253,5090.611904910464,5553.595245601867,4562.697255627505
72,Stony Brook University,11071.394173602854,11059.611508696014,10265.943170864592,9938.274318239743,9490.877765295541,9169.714915762548,8878.232501356484,7008.346744596983,5683.647400154132,4775.241394241178,4348.387462917581,4344.140425144522,4796.472091176608,2393.2018540089302,1291.9909863507596
73,SUNY at Albany,4917.04413627153,4640.30024706609,4453.476149068323,4114.22711245435,3785.960781808891,3502.2526517571887,3164.5677679084924,2600.2678502259523,2288.8050731707317,2291.613922823347,1833.9667039383773,1521.0568761132608,1552.4691522953608,1673.5285732882062,1307.6812096183307
74,SUNY College of Environmental Science and Forestry,19274.831181727906,19191.97533300444,18533.084194977844,17613.101129111437,13255.705288461539,13172.312530237059,12634.612362242453,10675.627690802348,8823.431603773584,8764.076960309778,8944.94487804878,8419.896464646465,6374.832881172002,6402.319332566168,6004.305619266055
75,Temple University,,,,,,,,,,,,,,,
76,Tennessee State University,9574.61516256457,8952.9104,8171.335206744279,7672.78301760043,6360.678621749712,5814.069413752763,5721.653126244524,5489.4989783408255,,4535.959761747187,4218.085390260174,4057.668392332447,3982.148468285242,3837.6088933804954,2245.501761252446
77,Tennessee Technological University,8275.848017867113,8008.9180990899895,7161.827968450224,6568.121169766691,5473.120153034846,7109.433129197945,7499.690447521573,6753.567462350169,6061.652366711354,6265.019601644009,5387.155505230238,5022.308106289943,6399.535693557748,7142.57954821472,6418.356997971602
78,Texas A & M University-College Station,217352.06511747115,216592.2455505641,218871.7296672589,190515.23940211165,179975.0289532294,185127.86418417507,213482.0220359962,173406.1179377014,158333.03946953663,7919.2225212902085,7370.611403469652,7239.302660280196,8694.343363034042,9747.347217311364,8807.990435630843
79,Texas A & M University-Corpus Christi,1998.5025416126782,1861.557861210308,1783.1250474023511,1642.5554219282421,1515.9954853273139,1464.1935178364727,1453.6756325749523,1240.8940827100748,1090.8380401497109,998.5414876780466,897.8632788868723,575.8406146812293,682.659776168532,685.7016002098636,568.358949945593
80,Texas A & M University-Kingsville,18629.43791270736,3862.2031227410725,3675.8729844413015,3063.98703000131,2776.6845909955614,2769.4301118210865,2157.845754245754,2018.2202259279181,2004.2062638775271,2125.7765799256504,2128.548305796696,2416.506603619762,2999.635476563861,3088.0384151593453,2670.972507981554
81,Texas Southern University,9813.358103223942,7651.646671061305,7506.854000758438,7420.687101248266,6931.132877102937,6509.136512923033,7153.619857294671,6169.85991776549,5319.697126515049,3984.6669666966695,6858.093466223699,6705.982957162598,6639.8969026548675,6315.277058177827,4829.645272322333
82,Texas State University,6953.182925325276,6335.5641430872565,6239.777341371331,5647.449432763576,5094.609685200075,5325.584703632887,5307.392178110531,4776.58287103623,4139.019849160096,3940.4534361404876,3590.1367441860466,3414.560697729237,3827.064134545747,3930.1380078366674,922.2777425759303
83,Texas Tech University,21058.829555423494,21621.722173735965,21872.545926124676,22146.628006559768,20999.843627420458,21137.194930153757,22701.21597872197,18673.871730880994,17428.492872124854,16604.473879292258,15493.209585325816,14201.942572013451,15346.354785928552,15406.830698981385,12369.044834749764
84,The Pennsylvania State University,,,,,,,,,,,,,,,
85,The University of Alabama,26707.794871065875,23359.67265026786,23638.69666908847,22472.003948610833,19903.47356308445,19844.914796179688,20839.212921944218,19967.388994859524,23040.279792037214,21764.10696394553,23206.053907168036,20342.708769685825,21929.76909353496,23073.293634129997,21835.594504579516
86,The University of Montana,25986.88700989603,24484.911750881318,20892.323507098732,18420.0651683087,15504.440687734128,14947.134387351778,14738.225012991512,10406.590060285253,9910.562183630558,9394.429444324634,8316.462125257456,7536.833933322899,9865.313947876448,10413.498722492377,1430.274123539232
87,The University of Tennessee-Knoxville,27891.19614550002,29467.578802503584,28038.50257950258,27754.797955455357,25622.236466121267,26414.855190276947,30291.579489164087,26015.05191696425,26679.199062387306,21495.229825344213,19869.26711289897,17187.20060712574,23223.96567954501,28685.597658098093,23284.1742945699
88,The University of Texas at Arlington,4032.253861183476,3922.521749620015,3805.767363179338,3556.57885063105,3536.769384678635,3637.895558119412,3990.9238015978694,3707.669690015663,3236.5396353619194,2895.220835730725,2801.312551338919,2596.1324657667283,3038.8095119397776,2862.8455005959477,2478.759157956433
89,The University of Texas at Austin,105903.52129771681,95066.92395858736,89915.5781882929,82490.07115466554,76469.61826957941,75382.0229179825,74318.81640513238,66217.46637362638,64431.19754559784,61617.6655147837,56203.624804653584,52625.12942890572,60964.465722703484,62826.4531983698,55306.33007690244
90,The University of Texas at Dallas,23116.725972232874,22571.59158515884,22505.166956079793,21146.986381152565,20718.981332826675,19929.85117718693,21467.63078286886,18939.661441258868,17059.62796208531,18646.685158251956,17068.31719669323,15491.511238186005,20364.46140094263,21835.955248573082,19383.57606107873
91,The University of Texas at El Paso,14005.408857574232,13285.100917431193,13089.696697595531,12634.174874529486,11607.335631330541,11821.206626407704,12162.58727712965,10909.501832518881,9794.38067093526,9863.11981956583,9019.190106007067,8275.142654583564,9485.615621079047,10164.972846020204,9344.622936748976
92,The University of Texas at San Antonio,6515.433706816059,6295.85510114336,6266.967066554596,6143.218580115169,5452.81165499267,5030.589795413298,4706.417840763542,3953.4623377641847,3455.6158032888134,3262.052904564315,2508.32226936195,2013.9432911829442,2355.892189746047,2367.057805758563,2023.0428012020764
93,The University of Texas Rio Grande Valley,2535.9001770695,2493.272401154176,2497.4102822580644,2298.122154428782,2079.1973866063577,1980.168679919831,2156.463192108114,,1885.351050457892,,,,,,
94,University at Buffalo,27747.255310917277,28262.067476622273,26534.409728067927,24588.956466594547,22619.72391598916,25372.651343821697,23708.521800174552,21813.58973047413,20351.247232178415,17124.355437114973,14986.409630975679,16375.311737014283,17515.379002837453,18298.202241195304,16719.721258912374
95,University of Akron Main Campus,16044.189336605987,15029.050152944175,12855.501958033783,13111.392126506691,11328.59788843206,11405.130862144848,11399.795913495966,9314.096552034569,8142.029392695051,8177.504191363251,2127.558455898591,2066.0143346379646,2726.1136270069987,3265.6764912660215,3055.1024763208948
96,University of Alabama at Birmingham,28336.056267058575,28826.206051177513,29037.32464441862,30231.163381141287,29736.65803931952,26961.356059598245,28460.659717101295,26411.161314212615,25155.676111416025,20540.951941198644,21259.721482708108,23347.38256762559,23805.524350766133,28340.452751449993,23860.664850714587
97,University of Alabama in Huntsville,8930.429463024022,9308.384022171345,10357.797314911366,10759.756408440731,11679.29421821573,11718.795283492223,12534.443114781729,11545.287436024435,10533.156761965949,9011.094531376028,8695.367064739157,6588.87617477329,7074.449374678773,8413.665971498089,4336.818936583642
98,University of Alaska Fairbanks,24170.18649449619,22870.201796407186,20137.899258696067,17674.34608509117,13623.728438818565,14625.869830285055,14455.494656245015,12345.55463498515,11383.146480172149,11358.904126984127,9763.772860397006,9323.6669535284,12615.369055944057,13215.589276234296,10744.460748476937
99,University of Arizona,24957.467339742776,26403.501424284044,24459.18596115614,21454.561868911667,19351.018000923123,20313.186086496495,20568.898382997133,16841.372095584185,16210.957722174287,15177.81380523192,13361.127340511364,12622.596779322907,16621.02665983081,15759.354647720545,15444.381929505213
100,University of Arkansas,49145.62663577989,49333.24042149461,48410.350998244394,41495.60746573345,37766.064532392236,40234.076763221514,40663.6648733762,36990.19658890944,36942.65989068942,40054.216708989334,37331.24746270312,37304.05078054908,53060.65111825034,56599.47069455203,49955.41734860884
101,University of Arkansas at Little Rock,20544.30473637176,11569.220711440736,9940.82105522076,9044.11782513926,7918.457101830801,8238.596627601053,9699.537785388127,8092.76492901268,7433.699023976236,6754.797310658493,1288.8220815034215,4292.125540605478,5401.156690522663,4500.459337515132,4828.959219240153
102,University of California-Berkeley,50593.328056616076,50602.05358196625,48807.46130182138,48067.899836416254,44202.89109522095,47655.417868183824,44494.86374281456,38023.72936138121,32567.87021941898,51936.7976429484,24838.877502758947,22875.20725102244,28032.038154018795,24974.228907935398,21345.73770991436
103,University of California-Davis,13093.087408048465,13294.741235392321,12517.392533936652,11824.263269886613,10009.869217728263,11636.221677893447,10177.85746017643,8193.191765278003,7638.024446646845,16560.230292294065,5785.8841434414535,5256.315132710532,6345.39702405785,4944.70613048369,4134.651836486535
104,University of California-Irvine,14149.04255319149,13119.07800070589,12525.36974464078,11058.877590347158,10245.149465967263,11288.029687896473,10234.713743606666,9147.094833315843,8322.836580656485,2051.5094602114636,6653.914189587596,5508.793497933955,6692.610837438424,6181.568088033013,5408.694966694257
105,University of California-Los Angeles,52812.603499977624,50949.059118530735,48324.626611198255,45381.9881525361,41036.445536445535,56324.91533623609,40079.487115894946,35824.22796823061,33931.64263645726,33585.62487174226,28131.798845335765,26461.903877285633,33225.02445918034,30841.894262089703,22485.191538021725
106,University of California-Merced,1973.8301175426925,1601.510749564207,1479.552517091361,1506.6880684858213,1370.3165843740924,1596.523898199876,1277.1084337349398,1155.9939809396421,1129.8895751450495,4822.784810126583,1453.843955415833,1588.7067395264116,2245.7843638221766,2681.923972071373,1810.9965635738831
107,University of California-Riverside,7699.505818587598,7485.859656561373,7572.2645078974,7102.748226950354,6186.44464193835,6650.9473882175935,6516.362416750515,5387.4170581682565,4906.950835553403,2125.9567871330296,3930.426336775381,3660.2735247643436,4902.81432330397,4824.46964799906,4023.850189093571
108,University of California-San Diego,22694.306428716285,20979.712883499986,20493.87126916946,17834.4251693986,16301.78163815848,22717.842716485735,17562.859112847622,16106.017680991228,13885.725877341267,6073.375738300772,11190.474626375431,10736.614612381483,13796.77048119111,13933.812574493444,10825.551484916985
109,University of California-Santa Barbara,10293.127681609705,9524.079963652885,8388.773470267728,7874.4685158939055,6717.7412628242555,7054.921930895164,6241.796723012408,5526.878891519776,5420.042924094433,3975.2259935186767,4626.482712206613,4279.868500735358,5348.969438521677,5328.644908735036,3732.8835810010028
110,University of California-Santa Cruz,5732.662469637635,5510.3813136354565,5218.566333450545,5049.183758894935,4493.778435564326,4853.886809072891,4609.844351272184,3473.4944510168443,3120.4352947775847,3584.991214646035,2698.1458021421167,2541.408782788093,3362.9427454872525,3458.5808264673947,2992.7939731411725
111,University of Central Florida,2680.8532711059256,2766.2641272214482,2868.1349273973087,2859.1592102112613,2743.9379342989682,2901.355789842928,3001.7522407421966,2600.760557358571,2360.481500253421,2539.018769572684,2168.6557488476815,2058.978862924488,2684.5363003714674,2839.2575332348597,
112,University of Cincinnati-Main Campus,42306.185707878605,44203.19666432906,42578.803356940065,41262.57908985433,37894.20919929637,39159.4351848814,39727.083921489546,36323.71183079974,29329.713808971792,34594.783825763974,31723.586522873054,32898.11099683544,44304.38357659807,49694.65344957666,47379.28525268192
113,University of Colorado Boulder,,,,,,,,,,,,,,,
114,University of Colorado Colorado Springs,,,,,,,,,,,,,,,
115,University of Colorado Denver/Anschutz Medical Campus,,,,,,,,,,,,,,,
116,University of Connecticut,19185.097785825994,18907.997605142642,17190.68492037699,16260.093598055106,14958.92182546304,15643.32701137095,16151.690489812085,14928.288514770613,13476.295213835634,13036.30434967654,11190.416394277709,10847.877509597141,11337.795892544287,11588.655302853407,10911.402550456873
117,University of Delaware,,,,,,,,,,,,,,,
118,University of Florida,39435.63594381374,39383.98059303862,38202.44598270562,35862.74159311809,33507.12221789259,36445.61806173591,35039.16641692985,31369.167608459997,25927.81086861532,22817.268485434444,21493.51832677573,20318.618467425233,19588.836351979484,18765.284466574158,17133.025799448944
119,University of Georgia,35536.814392655,35470.756452889946,34752.60939758379,32447.072307822316,29376.821381103728,29973.664320439024,2296.624727338827,2198.039658496282,2006.1902261344665,1890.192971800434,1751.3584604255832,1656.2843257141064,1602.605625699217,1501.8057681923578,1407.4490396430188
120,University of Hawaii at Manoa,3131.8892499135845,2987.2636164082865,2910.7923839691503,2724.8752286120707,2417.481772184743,2385.5752084770206,2371.2067817509246,2117.363343660774,1998.3577580903163,1955.333488670123,1724.8008673026886,1781.137586423633,2036.4720666915516,2188.5994078095123,1969.0897769179614
121,University of Houston,24846.5167374636,23091.886955355945,23065.90313483915,21269.91694202039,19937.6809616062,19432.924112979235,21870.27547205981,19069.277094831912,18297.803496769287,16802.00901090319,15525.64165438525,16142.735551039326,20267.288986391017,10365.873279687148,8897.992965517242
122,University of Idaho,31845.305657441368,31669.72341579861,29960.21068344173,28257.8696301034,25121.98847170809,24554.51537200246,24241.002716024544,20103.464093701998,17678.974209884647,16507.83483793311,14793.535799840298,6144.570711049832,7299.139554713406,9176.193365026871,8205.411958523113
123,University of Illinois Chicago,13523.367590057253,13621.802259259259,12279.88999153781,12602.7495488105,10720.223796265967,11594.827341472688,11415.796202317517,9365.953254862254,8749.168867210496,7477.405393971444,5648.958336321262,6064.703189460143,7744.437533488122,8987.185290359223,7342.081942621414
124,University of Illinois Urbana-Champaign,33932.7621291416,34378.72640685923,30320.243400576368,30257.426107014708,26014.44185151423,26986.53341308473,26833.35635364864,22102.600256690792,21116.333608885496,20938.499334331835,17320.898075478,15522.540350727846,21085.285545695937,22567.56821700209,19086.83217818293
125,University of Iowa,91097.54517313368,55461.48442165162,53186.91290631314,50001.83856663903,47266.036107045,48362.80441108899,47981.44171779141,41754.50038138825,37619.018404907976,39166.36656913497,35946.41266891238,32736.850610002424,14382.113821138211,15645.6507359021,14258.965302306255
126,University of Kansas,79259.41333333333,78849.91216881394,75638.48682801456,70117.49466009007,64356.20982238851,67243.50666666667,65816.08171531722,57515.11822011585,50825.64029415494,46991.58201723564,41011.62140942168,39949.2448574969,52192.965943747884,52907.49962022112,2921.7275160129857
127,University of Kentucky,55148.50914818854,57657.39067831877,54662.50032768084,51514.74624319714,49008.23300970874,49703.66752764549,50623.856988127474,44837.696687502656,41624.893673110724,37451.73770943129,32268.09043959172,32588.55967307514,42957.30622215835,43876.63373895341,32526.611643081094
128,University of Louisiana at Lafayette,9476.458397642768,9102.240084937324,10154.082073720498,9846.924342105263,8858.01162035835,9570.445336008024,9528.617737842102,8540.10605119713,7546.659249798333,4731.990960989534,4048.7874299162454,3761.9412254527792,6894.10390233866,7591.628756830601,6248.89605184047
129,University of Louisville,43963.33581904052,44435.82937218347,43151.08741745926,42194.894366197186,43877.33048331552,50085.305807676334,52009.312533364966,45512.99669471154,43663.56173175901,40355.486781368025,35526.92225998301,37321.05295911382,48894.13894263779,50645.903514904974,39588.403767820775
130,University of Maine,34993.39252529424,34584.10197947974,33554.58606003947,31506.72410170204,28968.937446443873,30179.90327780763,31177.289536654338,27761.504870675177,7011.970738195522,7033.351322180249,5712.32302045097,5130.82269945015,6626.669471027448,7201.870947167004,6575.045990693648
131,University of Maryland Eastern Shore,11705.0916,11168.62072850169,9910.353122855182,8645.06934079602,6747.079805877595,7103.090542718968,6656.562314138956,5881.774474628396,6109.218005952381,5484.58726899384,5039.5378437576055,3731.873294858342,5524.637593154844,5207.925329035724,4613.007163323782
132,University of Maryland-Baltimore County,9006.921154523056,8909.861123242204,9250.149388903543,8215.822394856683,7313.864750484923,7009.978632849822,6419.97619257561,6273.656272401434,5314.0234277569925,5327.243776671408,4472.854397364327,4166.5039241960185,160.44726986004338,114.78613407709932,97.52380952380952
133,University of Maryland-College Park,19502.13684862855,19510.85007056167,17668.04944287709,15863.023444049375,14668.214283590522,15274.430659782674,14796.658346239106,13456.893505223927,12482.3526826311,12550.474912064456,11032.299419752711,10309.957893444636,14151.118147506497,14268.275255896751,12123.813015434971
134,University of Massachusetts-Amherst,12131.501168955185,12209.874431760783,11420.434139556974,11108.03172096536,10054.00581090069,10877.547699134044,11042.719453434016,9788.022591553348,8485.125280547481,7783.554588226577,7032.068461836498,6281.722890132127,6817.739190339183,5652.035904419958,5031.820450422548
135,University of Massachusetts-Boston,7669.9680024379095,6713.355048859935,6500.0,6037.408349543618,5480.223908079841,5948.0568577045215,6117.213559847956,5252.277227722772,4209.096805578077,3990.2414402288214,3648.095114119587,3356.599101164817,3344.0433562372978,3020.798319327731,967.7526965417547
136,University of Massachusetts-Dartmouth,9726.093818181818,8043.487916033697,7560.96829335539,7137.850551520043,5999.910500260552,6458.255769230769,6351.095213454075,5590.192460571868,5180.409387049594,4534.259563171232,4130.14072546403,3142.7816869126746,2877.267823418319,3014.917695473251,2951.2264284701546
137,University of Massachusetts-Lowell,7965.162153126044,6804.864754377598,6316.807822075329,6038.234247063012,5339.570238269259,5560.444511187866,5553.884323150876,4876.1040434324605,4630.794137695978,4020.3682291203418,3569.2425401683245,2727.763088313062,3460.348609026896,3346.7594287806664,2685.1527290936406
138,University of Memphis,13380.088181818182,13675.169258080314,13077.382605540099,12715.549705113395,12069.588488133058,12171.55834248749,12121.247916918246,12527.012050266827,11055.728737041578,10808.270347245043,10436.762191314221,11015.570056877255,13178.40707363743,12639.785465648854,10892.190041142305
139,University of Michigan-Ann Arbor,263322.2728536893,273468.9630586872,266610.9116524268,251318.9767745546,230402.4574623821,235098.14024828645,230342.95102412818,198988.8867506976,186159.22754153068,167073.40124137633,139162.88571121384,128893.64716138171,199000.0266673778,189832.06086129602,152283.8891472656
140,University of Minnesota-Twin Cities,84884.52444760571,84099.51356124066,78979.20261703328,74916.25558894505,70995.05048833735,71795.48734148029,69165.1542443782,60004.23109456167,67851.3075610029,49984.89404081967,44432.659328138034,43093.62160924326,27063.6028612165,28464.602429310045,20820.967535539123
141,University of Mississippi,33860.034655951786,35483.749975903615,31267.15036835643,29166.228504327402,27604.362087912086,29698.624987755902,33263.69608821475,29487.379775535654,26861.633461270063,27107.058374754364,25735.63394074625,24377.224199288255,33397.10884353742,34997.17194570136,30318.727966040722
142,University of Missouri-Columbia,42766.71372391653,41847.58576141829,37881.44946748244,32286.7512167793,28554.34912816471,28739.58793837221,27179.577777029077,23407.983546741445,21692.72963207449,19917.57825555329,18113.76807634996,17314.020155495782,22963.661314538327,23011.585589372793,21945.956788534157
143,University of Missouri-Kansas City,16961.91758855171,15356.744120603014,14937.65073093639,13986.755546943126,16486.700535270502,17278.67670304855,20131.2061787699,18783.94157814871,18382.9904006269,14593.126518674066,14349.908156056204,13881.118236472947,18956.137130801686,28830.70880665842,17330.78252168112
144,University of Missouri-St Louis,9931.427900737759,9681.538121903941,9105.087323349504,8471.113009061555,7385.194810419391,7394.164256400234,7285.550420168067,5970.676613059484,5177.077228297687,4920.28217270195,3998.1979294117646,3841.4390940423436,4932.8787564766835,4755.241245136187,4143.083606221859
145,University of Nebraska at Omaha,6712.084201523869,6460.086266228687,6816.52642479098,6386.280744959212,5768.736651726036,5683.4082037448425,420.086195774875,376.91675639857533,349.18260363878045,371.935698817258,312.9261229314421,282.9057914387427,389.03375564809073,415.45938225316905,370.884070955026
146,University of Nebraska-Lincoln,40423.855791962174,58551.05356583948,45105.97393992933,42638.25132404646,39758.414050002284,42109.58041730564,9651.794853568383,8419.617668251909,7637.79946904333,8068.968422510503,6650.04342160376,6612.3213877239805,9368.034722562319,11391.312354448068,9071.875307453749
147,University of Nevada-Las Vegas,12006.933834763191,10005.383471937648,9261.306937067438,9031.348863963187,8720.726811747307,8743.713146028442,9867.022009833203,8876.187774783719,7761.764163129728,6206.147323794383,5189.399780853049,4256.613976705491,4992.3660955067835,5556.687180376181,4794.229536225689
148,University of Nevada-Reno,19689.947650431335,19899.93547026571,17152.691445921893,16251.619626018859,15252.01486631016,16691.63841676368,17573.066907203443,14458.503445534057,15494.89513133905,15707.80948127791,14264.513578800967,13409.587151210126,17076.27657457718,17916.751567701478,8842.073421667967
149,University of New Hampshire-Main Campus,26657.791366426474,26132.695565680548,24617.101820250286,23650.71561711216,21154.13834422658,22643.80079629267,22480.801109403194,16312.424916355048,14492.01549099129,15069.986006101604,13221.542294636796,12634.033808326349,16259.359521110797,17332.311042769274,15772.205838323353
150,University of New Mexico-Main Campus,24694.40306894316,25506.98443411523,23309.630509659062,19826.747492545404,18139.025348486193,18473.863181897912,18628.58980034722,16249.905693950179,15027.073074075686,14407.580738296556,12557.259281748786,12329.783292699756,17675.570007507507,18499.782059030927,19062.27773659501
151,University of New Orleans,3443.341961640418,3442.203240740741,3492.8481452249407,3401.2695434646653,3078.0085278276483,2804.6391433189656,3100.8306214990666,2521.338739178149,2233.627830615942,2130.4233671049797,1824.9365955231651,1659.6604819791,1880.7744385026738,1852.8988169364882,2018.048230260599
152,University of North Carolina at Chapel Hill,140225.97715786542,138857.90792697383,131345.0819203431,118648.53842747293,119022.11171762775,121609.30531191081,107944.77621753246,93974.17185119858,89064.75715288386,77447.46657213019,68454.54729611939,78643.85693038629,98495.6367278094,97714.00426028074,73206.02407182512
153,University of North Carolina at Charlotte,8393.07671173451,7968.587719957888,7752.76684993656,7273.442293460055,6812.346765130839,6918.259634551495,6769.113974873721,6423.644056649275,6184.01404864742,6488.194438049634,5719.879936365338,5589.588761048837,8090.582165007557,2868.787666878576,2333.521201112562
154,University of North Carolina at Greensboro,17527.12044580222,17356.679114101487,16303.825591782046,15746.96770314379,13562.339089391584,15484.283239497618,16197.118691529307,13884.409546185236,11608.813747362074,12183.582300153501,10060.922004918608,9252.81322463768,11895.756028368794,13366.694730772004,11155.370322394934
155,University of North Carolina Wilmington,6477.881365451823,6800.957034540859,6624.702591820786,6371.085882114645,6095.84083096697,6346.254447245228,6409.511648880204,5625.774862721171,249.35019206145967,5071.093954314311,4263.8162947161145,4040.78223495702,4821.522707499565,4648.569788068341,3661.796446469248
156,University of North Dakota,23517.979144192737,22872.52443137594,23479.35872010666,21757.243062901784,14032.054931138198,1127.581058628056,1144.8493753437574,1050.355031886763,1047.0199612089866,1002.6864575363428,902.1765228631443,860.8990354835855,962.3464896325937,992.153129395218,837.187908496732
157,University of North Texas,6487.9453281182095,5878.853510895884,5529.789015405225,4695.556363747966,4144.305499487626,4252.048216879135,4797.318029115341,3912.9449107086516,3571.106800101023,3203.1024220803606,3185.374350086655,3017.1395232538757,2955.0601217912053,3243.7957415462324,2499.809744863075
158,University of Oklahoma-Norman Campus,2793.6401673640166,2719.599486946088,2633.6478635296057,45716.21286104444,43244.020587344836,45519.81667394151,42825.84792728885,37590.46052631579,35336.96533093201,35934.01491137997,30374.263524370646,27722.134643916914,35725.76512787068,36521.0985219378,30162.72954376123
159,University of Oregon,42635.97766459511,42949.17237313501,40936.342021443634,36358.24629158255,33117.639355711726,31256.18290085626,28374.17170630995,24908.59466758112,21053.106522759266,18806.95069330807,18483.571248025277,23168.78725411576,25285.795589654997,23616.847198465766,23263.611926558584
160,University of Pittsburgh-Pittsburgh Campus,,,,,,,,,,,,,,,
161,University of Puerto Rico-Rio Piedras,64.62108744756372,,,,,,,,,,,,,,
162,University of Rhode Island,15692.485497946613,11902.315097350782,10427.82423443775,9728.903719061811,8949.11385199241,9186.25444254311,9542.122063842602,8666.405060755775,7823.078966401473,8003.923026488329,6571.335810588622,4958.382166933074,6715.909423933343,7283.023108920043,6725.426906611701
163,University of South Alabama,33872.65917602996,30490.10772372034,10733.805881114464,10076.6893453993,9505.13731825525,9203.307129303334,12415.371453015829,11599.261720191953,10631.74531496952,9378.674564975934,9232.320959880015,7554.531001589825,6696.6292134831465,32985.45918367347,27866.170026292726
164,University of South Carolina-Columbia,18792.758283039784,19284.026036400406,20393.878330260064,19821.130078924292,17794.412368003777,17933.23100905129,16509.177170725052,14718.861959768254,15232.165346859832,13900.790888521158,12903.110078681155,12640.265907513978,13758.292848309096,13921.711242500653,13054.81576435884
165,University of South Dakota,36951.28820774798,31731.3223639106,33119.60926252886,29322.11223513329,27906.24748982361,27504.13529336897,28409.98756588728,24882.036435589518,,,0.0,0.0,0.0,0.0,0.0
166,University of South Florida,12226.72233710137,12935.346563198878,11991.418060651846,11245.109597675948,10046.776709109787,10756.02584129622,10786.841254832161,9253.98184855234,8719.746405083046,9342.334399177777,8082.331777200712,7735.360936282444,9194.697724312313,10234.72694222714,8940.477664534317
167,University of Southern Mississippi,8723.04532095901,8739.270111433369,8039.79794595382,7666.628800706766,6465.738098769094,6536.824361966424,5733.697142064373,5068.5670910871695,4598.176420454545,4452.901838288094,4271.8232032565975,4263.019830241118,4811.5576744904265,4665.129399064412,3842.778095969826
168,University of Toledo,17959.53188790917,18306.839822747414,17709.360221568288,16800.253427787935,15617.444269466318,16274.38728623251,15726.155008708354,2858.017111195611,2486.270017440939,2219.5921452814387,1875.2453777777778,2026.2470278800631,2498.031880393558,2929.857337036818,2588.762662470129
169,University of Utah,38006.878700847425,39009.638989169674,38530.38572841496,37451.94060953373,35348.880115124906,32007.190403303313,25948.2702993368,22570.429465101566,20795.254041986245,20395.352955760987,18337.326843878698,17369.674920783946,20326.363854842584,,16378.581330868761
170,University of Vermont,44543.3164396579,46156.86593907802,39698.45506754024,37839.98330550918,35086.74388674388,35105.614857242035,35823.49827996825,30330.970084731107,26012.6603646185,26286.150630978216,22306.381260096932,22007.497893850043,29780.040922619046,31013.91304347826,26732.15533592892
171,University of Virginia-Main Campus,286317.12932692305,281751.3257971719,280591.6917536321,263982.6871835642,253333.79618337355,271030.41007865616,264686.7355524526,229275.2183711951,211115.33302122346,190398.0898685541,157513.3603474998,156303.9610533304,201433.4760121277,197577.15086577152,116008.7549849511
172,University of Washington-Seattle Campus,79925.18914671948,74259.48951329653,72565.47468588322,67214.52331348177,70465.6815207449,73206.13799037276,68813.03307209292,58611.143659188936,53378.82125919474,50339.59457825931,44905.65329486225,41264.32644926692,56768.50126864914,57376.552166506975,51454.255054432346
173,University of Wisconsin-Madison,121867.95189140367,125546.35917539339,118158.8705761145,106332.543430915,87246.79090727589,94885.21028792337,90135.40171456517,66297.14159036423,60585.05371682971,57948.12260802263,48871.62327933581,43976.81226826608,55399.728637034605,59745.30981229971,51700.848860212434
174,University of Wisconsin-Milwaukee,8654.599049273242,7859.105731750532,7846.271549903806,6387.532760521963,4960.851506170655,4491.978840529847,4408.033064967494,3904.9582162340885,3447.3464753637168,3447.3014516506673,2866.316376687212,2965.0106192529906,3381.440108892922,3343.0778294838406,2827.202160152273
175,University of Wyoming,54177.879080777195,51282.53110832449,49589.428930331436,45574.65397074703,40045.708866761495,41872.578521722775,39492.94582392777,37379.732839963,33314.43820851143,30932.633420822396,25658.50805363088,22936.16629874908,28384.658454647255,15321.011864406779,13067.192810136528
176,Utah State University,19113.3570959408,18000.581128396047,16888.738129367495,15967.258999822663,14408.39853246696,14575.980019425559,13380.040790282175,11455.308456769675,9468.853767820774,9795.357868927824,13227.830033763044,11697.046576402321,11388.281110676575,10266.023886480094,8591.33507649079
177,Virginia Commonwealth University,77710.34850612373,79281.14982727167,75621.47760037203,70381.15932177499,23658.883851367144,25167.52548350839,23531.835020056675,21098.632041130335,16358.874733973043,9785.514798145117,8325.14358974359,1076.9793858457238,1367.210306462626,1439.964673799035,1304.643410166792
178,Virginia Polytechnic Institute and State University,36745.073108709475,38977.36797988265,33407.77526373013,30139.16015625,25852.149706155273,26018.818844535792,25463.23197107625,21097.986057319908,19141.66720895425,18795.112067873877,15910.764011138495,14460.212545360291,17385.206211387544,18431.93157519601,16044.395924308588
179,Washington State University,39111.177052137835,38635.11690705997,38030.02454147174,36691.13590187373,34614.24734052694,34423.95554692054,34723.64364,31037.46182398723,28487.506258209072,28583.545501285345,28144.412472647702,26768.270072992702,30369.92364807443,30290.01802767038,17229.88136009028
180,Wayne State University,21095.705643161757,20462.40848270639,20275.69997956264,18818.34975369458,16925.56566970091,15337.203420955979,15651.671828682409,14240.67833102356,12603.554846815503,9095.539754567337,9405.223746249465,10598.636002834868,10190.20620362262,11180.53451384715,9818.850402923537
181,West Virginia University,28107.62606041386,28480.794024717034,25462.921548553444,21538.269460179316,21742.146861028665,21813.6537890596,20925.060813019943,17003.936454117906,15311.309467734338,13468.691108545034,11794.257257534342,11790.31625703287,148.72382692088138,60.16050103084763,52.64740307242136
182,Western Michigan University,22081.939602488575,21489.47022522285,21253.793326045085,19982.478447384743,17487.98400323985,16370.026683860728,15653.975393797084,12586.384980806142,9515.844948953429,9087.98594000458,7789.209245405006,6409.791477787851,8628.069209234018,8960.982462500566,7291.57826369344
183,Wichita State University,23461.491760624456,24348.999206419187,22982.003129890454,22126.20578778135,20235.678347603494,20201.88679245283,22319.796905887408,18068.468704760282,16803.717500598515,18730.119402985074,16425.60980442836,14310.262416343783,17049.210651319998,17031.04880097042,14179.479096045197
184,William & Mary,122476.29856980129,125062.65955042069,115856.80148606811,109369.45595595596,102590.95276997703,105025.50155359917,103934.35965598123,91600.85650518577,85886.32582322357,76951.83173376543,68129.25095834398,67876.10210876804,79984.8328220859,7024.4797847385125,6293.163773477519
185,Wright State University-Main Campus,13063.48048856226,11073.642825489675,11232.698196176972,9308.655687732342,8782.644223193181,9163.297152894678,8724.595516992047,7498.31328545781,6832.453568790707,6315.731233243968,5911.190358388836,5707.296621902256,7157.673204478996,8242.829662367772,7344.5804798336185
